[
  {
    "tahun": 2022,
    "alokasi_sg": "68610956000.00",
    "alokasi_bg": "59593516000.00",
    "alokasi_dti": "11681550000.00",
    "status": "realisasi"
  },
  {
    "tahun": 2023,
    "alokasi_sg": "58418514000.00",
    "alokasi_bg": "46734811000.00",
    "alokasi_dti": "69227763000.00",
    "status": "realisasi"
  },
  {
    "tahun": 2024,
    "alokasi_sg": "72639280000.00",
    "alokasi_bg": "48054708000.00",
    "alokasi_dti": "37899033000.00",
    "status": "indikatif"
  },
  {
    "tahun": 2025,
    "alokasi_sg": "83237758000.00",
    "alokasi_bg": "65691461000.00",
    "alokasi_dti": "65691461000.00",
    "status": "perkiraan"
  }
]