[
    {
        "kecamatan": "Benuki",
        "kampung": "Dadat"
    },
    {
        "kecamatan": "Benuki",
        "kampung": "Gesa Baru"
    },
    {
        "kecamatan": "Benuki",
        "kampung": "Kamai"
    },
    {
        "kecamatan": "Benuki",
        "kampung": "Kerema"
    },
    {
        "kecamatan": "Benuki",
        "kampung": "Teuw"
    },
    {
        "kecamatan": "Benuki",
        "kampung": "Watiaro"
    },
    {
        "kecamatan": "Mamberamo Hilir",
        "kampung": "Bagusa"
    },
    {
        "kecamatan": "Mamberamo Hilir",
        "kampung": "Baudi"
    },
    {
        "kecamatan": "Mamberamo Hilir",
        "kampung": "Kapeso"
    },
    {
        "kecamatan": "Mamberamo Hilir",
        "kampung": "Suaseso"
    },
    {
        "kecamatan": "Mamberamo Hilir",
        "kampung": "Taya"
    },
    {
        "kecamatan": "Mamberamo Hilir",
        "kampung": "Trimuris"
    },
    {
        "kecamatan": "Mamberamo Hilir",
        "kampung": "Warembori"
    },
    {
        "kecamatan": "Mamberamo Hilir",
        "kampung": "Yoke"
    },
    {
        "kecamatan": "Mamberamo Hulu",
        "kampung": "Dabra"
    },
    {
        "kecamatan": "Mamberamo Hulu",
        "kampung": "Dou"
    },
    {
        "kecamatan": "Mamberamo Hulu",
        "kampung": "Fokri"
    },
    {
        "kecamatan": "Mamberamo Hulu",
        "kampung": "Fuao"
    },
    {
        "kecamatan": "Mamberamo Hulu",
        "kampung": "Papasena I"
    },
    {
        "kecamatan": "Mamberamo Hulu",
        "kampung": "Papasena II"
    },
    {
        "kecamatan": "Mamberamo Hulu",
        "kampung": "Taiyeve"
    },
    {
        "kecamatan": "Mamberamo Hulu",
        "kampung": "Taria"
    },
    {
        "kecamatan": "Mamberamo Tengah",
        "kampung": "Anggreso"
    },
    {
        "kecamatan": "Mamberamo Tengah",
        "kampung": "Babija"
    },
    {
        "kecamatan": "Mamberamo Tengah",
        "kampung": "Burmeso"
    },
    {
        "kecamatan": "Mamberamo Tengah",
        "kampung": "Danau Bira"
    },
    {
        "kecamatan": "Mamberamo Tengah",
        "kampung": "Kasonaweja"
    },
    {
        "kecamatan": "Mamberamo Tengah",
        "kampung": "Kwerba"
    },
    {
        "kecamatan": "Mamberamo Tengah",
        "kampung": "Marina Valen"
    },
    {
        "kecamatan": "Mamberamo Tengah",
        "kampung": "Metaweja"
    },
    {
        "kecamatan": "Mamberamo Tengah",
        "kampung": "Muru Mare"
    },
    {
        "kecamatan": "Mamberamo Tengah",
        "kampung": "Namunaweja"
    },
    {
        "kecamatan": "Mamberamo Tengah",
        "kampung": "Sasakwesar"
    },
    {
        "kecamatan": "Mamberamo Tengah Timur",
        "kampung": "Biri"
    },
    {
        "kecamatan": "Mamberamo Tengah Timur",
        "kampung": "Eri"
    },
    {
        "kecamatan": "Mamberamo Tengah Timur",
        "kampung": "Kustra"
    },
    {
        "kecamatan": "Mamberamo Tengah Timur",
        "kampung": "Noyadi"
    },
    {
        "kecamatan": "Mamberamo Tengah Timur",
        "kampung": "Obogoi"
    },
    {
        "kecamatan": "Mamberamo Tengah Timur",
        "kampung": "Towao"
    },
    {
        "kecamatan": "Mamberamo Tengah Timur",
        "kampung": "Wakeyadi"
    },
    {
        "kecamatan": "Rufaer",
        "kampung": "Bareri"
    },
    {
        "kecamatan": "Rufaer",
        "kampung": "Fona"
    },
    {
        "kecamatan": "Rufaer",
        "kampung": "Haya"
    },
    {
        "kecamatan": "Rufaer",
        "kampung": "Kai"
    },
    {
        "kecamatan": "Rufaer",
        "kampung": "Sikari"
    },
    {
        "kecamatan": "Rufaer",
        "kampung": "Tayai"
    },
    {
        "kecamatan": "Sawai",
        "kampung": "Anasi"
    },
    {
        "kecamatan": "Sawai",
        "kampung": "Bonoi"
    },
    {
        "kecamatan": "Sawai",
        "kampung": "Poiwai"
    },
    {
        "kecamatan": "Sawai",
        "kampung": "Rapamerei"
    },
    {
        "kecamatan": "Sawai",
        "kampung": "Sorabi"
    },
    {
        "kecamatan": "Sawai",
        "kampung": "Tamakuri"
    },
    {
        "kecamatan": "Waropen Atas",
        "kampung": "Barapasi"
    },
    {
        "kecamatan": "Waropen Atas",
        "kampung": "Bariwaro"
    },
    {
        "kecamatan": "Waropen Atas",
        "kampung": "Bensor"
    },
    {
        "kecamatan": "Waropen Atas",
        "kampung": "Marikai"
    },
    {
        "kecamatan": "Waropen Atas",
        "kampung": "Nadofoai"
    },
    {
        "kecamatan": "Waropen Atas",
        "kampung": "Rawiwa"
    },
    {
        "kecamatan": "Waropen Atas",
        "kampung": "Sipisi"
    }
]