[
    {
        "uraian": "PAD"
    },
    {
        "uraian": "DAU"
    },
    {
        "uraian": "DBH"
    },
    {
        "uraian": "DAK Fisik"
    },
    {
        "uraian": "DAK Non Fisik"
    },
    {
        "uraian": "Otsus 1%"
    },
    {
        "uraian": "Otsus 1,25%"
    },
    {
        "uraian": "DTI"
    },
    {
        "uraian": "Tambahan DTI Migas"
    },
    {
        "uraian": "Belanja KL"
    },
    {
        "uraian": "Lainnya"
    },
    {
        "uraian": "Tidak Ada"
    }
]