[
    {
        "name": "HOME",
        "path": "/",
        "current": "/",
        "roles": [
            "admin"
        ],
        "subs": []
    },
    {
        "name": "PENGATURAN",
        "path": "/config",
        "current": "config",
        "roles": [
            "admin"
        ],
        "subs": [
            {
                "name": "Users",
                "path": "/config/user",
                "roles": [
                    "admin"
                ]
            },
            {
                "name": "Perangkat Daerah",
                "path": "/config/opd",
                "roles": [
                    "admin"
                ]
            }
        ]
    },
    {
        "name": "OTSUS",
        "path": "/otsus",
        "current": "otsus",
        "roles": [
            "admin"
        ],
        "subs": [
            {
                "name": "indikator Otsus",
                "path": "/otsus/indikator",
                "roles": [
                    "admin"
                ]
            },
            {
                "name": "Alokasi Dana Otsus & DTI",
                "path": "/otsus/alokasi_dana",
                "roles": [
                    "admin"
                ]
            }
        ]
    },
    {
        "name": "RAP",
        "path": "/rap",
        "current": "rap",
        "roles": [
            "admin"
        ],
        "subs": []
    },
    {
        "name": "REFERENSI",
        "path": "/ref/data",
        "current": "ref",
        "roles": [
            "admin",
            "user"
        ],
        "subs": [
            {
                "name": "Referensi Bantuan",
                "path": "/ref/data",
                "roles": [
                    "admin",
                    "user"
                ]
            },
            {
                "name": "Referensi Nomenklatur",
                "path": "/ref/nomenklatur",
                "roles": [
                    "admin",
                    "user"
                ]
            }
        ]
    },
    {
        "name": "ALAT BANTU",
        "path": "/bantu",
        "current": "bantu",
        "roles": [
            "admin"
        ],
        "subs": [
            {
                "name": "Pagu SKPD",
                "path": "/bantu/pagu",
                "roles": [
                    "admin"
                ]
            }
        ]
    },
    {
        "name": "RAP",
        "path": "/user/rap",
        "current": "user/rap",
        "roles": [
            "user"
        ],
        "subs": []
    },
    {
        "name": "REKAPAN",
        "path": "/rekap",
        "current": "rekap",
        "roles": [
            "admin"
        ],
        "subs": [
            {
                "name": "Indikator Otsus",
                "path": "/rekap/indikator",
                "roles": [
                    "admin"
                ]
            }
        ]
    },
    {
        "name": "SINKRON DATA",
        "path": "/sinkron",
        "current": "sinkron",
        "roles": [
            "admin"
        ],
        "subs": [
            {
                "name": "Data Nomenklatur",
                "path": "/sinkron/djpk/sikd/nomenklatur",
                "roles": [
                    "admin"
                ]
            },
            {
                "name": "Data RAP",
                "path": "/sinkron/djpk/sikd/rap",
                "roles": [
                    "admin"
                ]
            }
        ]
    }
]