[
  {
    "id": "1",
    "kode_urusan": "1",
    "uraian": "URUSAN PEMERINTAHAN WAJIB YANG BERKAITAN DENGAN PELAYANAN DASAR",
    "tahun": 2023
  },
  {
    "id": "2",
    "kode_urusan": "2",
    "uraian": "URUSAN PEMERINTAHAN WAJIB YANG TIDAK BERKAITAN DENGAN PELAYANAN DASAR",
    "tahun": 2023
  },
  {
    "id": "3",
    "kode_urusan": "3",
    "uraian": "URUSAN PEMERINTAHAN PILIHAN",
    "tahun": 2023
  },
  {
    "id": "4",
    "kode_urusan": "4",
    "uraian": "UNSUR PENDUKUNG URUSAN PEMERINTAHAN",
    "tahun": 2023
  },
  {
    "id": "5",
    "kode_urusan": "5",
    "uraian": "UNSUR PENUNJANG URUSAN PEMERINTAHAN",
    "tahun": 2023
  },
  {
    "id": "6",
    "kode_urusan": "6",
    "uraian": "UNSUR PENGAWASAN URUSAN PEMERINTAHAN",
    "tahun": 2023
  },
  {
    "id": "7",
    "kode_urusan": "7",
    "uraian": "UNSUR KEWILAYAHAN",
    "tahun": 2023
  },
  {
    "id": "8",
    "kode_urusan": "8",
    "uraian": "UNSUR PEMERINTAHAN UMUM",
    "tahun": 2023
  },
  {
    "id": "9",
    "kode_urusan": "9",
    "uraian": "UNSUR KEKHUSUSAN DAN KEISTIMEWAAN",
    "tahun": 2023
  },
  {
    "id": "10",
    "kode_urusan": "X",
    "uraian": "URUSAN PENUNJANG",
    "tahun": 2023
  }
]