[
  {
    "id": "1",
    "kode_urusan": "1",
    "kode_bidang": "1.01",
    "uraian": "URUSAN PEMERINTAHAN BIDANG PENDIDIKAN",
    "tahun": 2024
  },
  {
    "id": "2",
    "kode_urusan": "1",
    "kode_bidang": "1.02",
    "uraian": "URUSAN PEMERINTAHAN BIDANG KESEHATAN",
    "tahun": 2024
  },
  {
    "id": "3",
    "kode_urusan": "1",
    "kode_bidang": "1.03",
    "uraian": "URUSAN PEMERINTAHAN BIDANG PEKERJAAN UMUM DAN PENATAAN RUANG",
    "tahun": 2024
  },
  {
    "id": "4",
    "kode_urusan": "1",
    "kode_bidang": "1.04",
    "uraian": "URUSAN PEMERINTAHAN BIDANG PERUMAHAN DAN KAWASAN PERMUKIMAN",
    "tahun": 2024
  },
  {
    "id": "5",
    "kode_urusan": "1",
    "kode_bidang": "1.05",
    "uraian": "URUSAN PEMERINTAHAN BIDANG KETENTERAMAN DAN KETERTIBAN UMUM SERTA PERLINDUNGAN MASYARAKAT",
    "tahun": 2024
  },
  {
    "id": "6",
    "kode_urusan": "1",
    "kode_bidang": "1.06",
    "uraian": "URUSAN PEMERINTAHAN BIDANG SOSIAL",
    "tahun": 2024
  },
  {
    "id": "7",
    "kode_urusan": "2",
    "kode_bidang": "2.07",
    "uraian": "URUSAN PEMERINTAHAN BIDANG TENAGA KERJA",
    "tahun": 2024
  },
  {
    "id": "8",
    "kode_urusan": "2",
    "kode_bidang": "2.08",
    "uraian": "URUSAN PEMERINTAHAN BIDANG PEMBERDAYAAN PEREMPUAN DAN PERLINDUNGAN ANAK",
    "tahun": 2024
  },
  {
    "id": "9",
    "kode_urusan": "2",
    "kode_bidang": "2.09",
    "uraian": "URUSAN PEMERINTAHAN BIDANG PANGAN",
    "tahun": 2024
  },
  {
    "id": "10",
    "kode_urusan": "2",
    "kode_bidang": "2.10",
    "uraian": "URUSAN PEMERINTAHAN BIDANG PERTANAHAN",
    "tahun": 2024
  },
  {
    "id": "11",
    "kode_urusan": "2",
    "kode_bidang": "2.11",
    "uraian": "URUSAN PEMERINTAHAN BIDANG LINGKUNGAN HIDUP",
    "tahun": 2024
  },
  {
    "id": "12",
    "kode_urusan": "2",
    "kode_bidang": "2.12",
    "uraian": "URUSAN PEMERINTAHAN BIDANG ADMINISTRASI KEPENDUDUKAN DAN PENCATATAN SIPIL",
    "tahun": 2024
  },
  {
    "id": "13",
    "kode_urusan": "2",
    "kode_bidang": "2.13",
    "uraian": "URUSAN PEMERINTAHAN BIDANG PEMBERDAYAAN MASYARAKAT DAN DESA",
    "tahun": 2024
  },
  {
    "id": "14",
    "kode_urusan": "2",
    "kode_bidang": "2.14",
    "uraian": "URUSAN PEMERINTAHAN BIDANG PENGENDALIAN PENDUDUK DAN KELUARGA BERENCANA",
    "tahun": 2024
  },
  {
    "id": "15",
    "kode_urusan": "2",
    "kode_bidang": "2.15",
    "uraian": "URUSAN PEMERINTAHAN BIDANG PERHUBUNGAN",
    "tahun": 2024
  },
  {
    "id": "16",
    "kode_urusan": "2",
    "kode_bidang": "2.16",
    "uraian": "URUSAN PEMERINTAHAN BIDANG KOMUNIKASI DAN INFORMATIKA",
    "tahun": 2024
  },
  {
    "id": "17",
    "kode_urusan": "2",
    "kode_bidang": "2.17",
    "uraian": "URUSAN PEMERINTAHAN BIDANG KOPERASI, USAHA KECIL, DAN MENENGAH",
    "tahun": 2024
  },
  {
    "id": "18",
    "kode_urusan": "2",
    "kode_bidang": "2.18",
    "uraian": "URUSAN PEMERINTAHAN BIDANG PENANAMAN MODAL",
    "tahun": 2024
  },
  {
    "id": "19",
    "kode_urusan": "2",
    "kode_bidang": "2.19",
    "uraian": "URUSAN PEMERINTAHAN BIDANG KEPEMUDAAN DAN OLAHRAGA",
    "tahun": 2024
  },
  {
    "id": "20",
    "kode_urusan": "2",
    "kode_bidang": "2.20",
    "uraian": "URUSAN PEMERINTAHAN BIDANG STATISTIK",
    "tahun": 2024
  },
  {
    "id": "21",
    "kode_urusan": "2",
    "kode_bidang": "2.21",
    "uraian": "URUSAN PEMERINTAHAN BIDANG PERSANDIAN",
    "tahun": 2024
  },
  {
    "id": "22",
    "kode_urusan": "2",
    "kode_bidang": "2.22",
    "uraian": "URUSAN PEMERINTAHAN BIDANG KEBUDAYAAN",
    "tahun": 2024
  },
  {
    "id": "23",
    "kode_urusan": "2",
    "kode_bidang": "2.23",
    "uraian": "URUSAN PEMERINTAHAN BIDANG PERPUSTAKAAN",
    "tahun": 2024
  },
  {
    "id": "24",
    "kode_urusan": "2",
    "kode_bidang": "2.24",
    "uraian": "URUSAN PEMERINTAHAN BIDANG KEARSIPAN",
    "tahun": 2024
  },
  {
    "id": "25",
    "kode_urusan": "3",
    "kode_bidang": "3.25",
    "uraian": "URUSAN PEMERINTAHAN BIDANG KELAUTAN  DAN PERIKANAN",
    "tahun": 2024
  },
  {
    "id": "26",
    "kode_urusan": "3",
    "kode_bidang": "3.26",
    "uraian": "URUSAN PEMERINTAHAN BIDANG PARIWISATA",
    "tahun": 2024
  },
  {
    "id": "27",
    "kode_urusan": "3",
    "kode_bidang": "3.27",
    "uraian": "URUSAN PEMERINTAHAN BIDANG PERTANIAN",
    "tahun": 2024
  },
  {
    "id": "28",
    "kode_urusan": "3",
    "kode_bidang": "3.28",
    "uraian": "URUSAN PEMERINTAHAN BIDANG KEHUTANAN",
    "tahun": 2024
  },
  {
    "id": "29",
    "kode_urusan": "3",
    "kode_bidang": "3.29",
    "uraian": "URUSAN PEMERINTAHAN BIDANG ENERGI  DAN SUMBER DAYA MINERAL",
    "tahun": 2024
  },
  {
    "id": "30",
    "kode_urusan": "3",
    "kode_bidang": "3.30",
    "uraian": "URUSAN PEMERINTAHAN BIDANG PERDAGANGAN",
    "tahun": 2024
  },
  {
    "id": "31",
    "kode_urusan": "3",
    "kode_bidang": "3.31",
    "uraian": "URUSAN PEMERINTAHAN BIDANG PERINDUSTRIAN",
    "tahun": 2024
  },
  {
    "id": "32",
    "kode_urusan": "3",
    "kode_bidang": "3.32",
    "uraian": "URUSAN PEMERINTAHAN BIDANG TRANSMIGRASI",
    "tahun": 2024
  },
  {
    "id": "33",
    "kode_urusan": "4",
    "kode_bidang": "4.01",
    "uraian": "SEKRETARIAT DAERAH",
    "tahun": 2024
  },
  {
    "id": "34",
    "kode_urusan": "4",
    "kode_bidang": "4.02",
    "uraian": "SEKRETARIAT DPRD",
    "tahun": 2024
  },
  {
    "id": "35",
    "kode_urusan": "5",
    "kode_bidang": "5.01",
    "uraian": "PERENCANAAN",
    "tahun": 2024
  },
  {
    "id": "36",
    "kode_urusan": "5",
    "kode_bidang": "5.02",
    "uraian": "KEUANGAN",
    "tahun": 2024
  },
  {
    "id": "37",
    "kode_urusan": "5",
    "kode_bidang": "5.03",
    "uraian": "KEPEGAWAIAN",
    "tahun": 2024
  },
  {
    "id": "38",
    "kode_urusan": "5",
    "kode_bidang": "5.04",
    "uraian": "PENDIDIKAN DAN PELATIHAN",
    "tahun": 2024
  },
  {
    "id": "39",
    "kode_urusan": "5",
    "kode_bidang": "5.05",
    "uraian": "PENELITIAN DAN PENGEMBANGAN",
    "tahun": 2024
  },
  {
    "id": "40",
    "kode_urusan": "5",
    "kode_bidang": "5.06",
    "uraian": "PENGELOLAAN PERBATASAN",
    "tahun": 2024
  },
  {
    "id": "41",
    "kode_urusan": "6",
    "kode_bidang": "6.01",
    "uraian": "INSPEKTORAT DAERAH",
    "tahun": 2024
  },
  {
    "id": "42",
    "kode_urusan": "7",
    "kode_bidang": "7.01",
    "uraian": "KECAMATAN",
    "tahun": 2024
  },
  {
    "id": "43",
    "kode_urusan": "8",
    "kode_bidang": "8.01",
    "uraian": "KESATUAN BANGSA DAN POLITIK",
    "tahun": 2024
  },
  {
    "id": "44",
    "kode_urusan": "9",
    "kode_bidang": "9.01",
    "uraian": "KEKHUSUSAN ACEH",
    "tahun": 2024
  },
  {
    "id": "45",
    "kode_urusan": "X",
    "kode_bidang": "X.XX",
    "uraian": "URUSAN PEMERINTAHAN BIDANG XX",
    "tahun": 2024
  }
]