[
  {
    "id": "1",
    "kode_urusan": "1",
    "kode_bidang": "1.01",
    "kode_program": "1.01.02",
    "uraian": "PROGRAM PENGELOLAAN PENDIDIKAN",
    "tahun": 2024
  },
  {
    "id": "2",
    "kode_urusan": "1",
    "kode_bidang": "1.01",
    "kode_program": "1.01.03",
    "uraian": "PROGRAM PENGEMBANGAN KURIKULUM",
    "tahun": 2024
  },
  {
    "id": "3",
    "kode_urusan": "1",
    "kode_bidang": "1.01",
    "kode_program": "1.01.04",
    "uraian": "PROGRAM PENDIDIK DAN TENAGA KEPENDIDIKAN",
    "tahun": 2024
  },
  {
    "id": "4",
    "kode_urusan": "1",
    "kode_bidang": "1.01",
    "kode_program": "1.01.05",
    "uraian": "PROGRAM PENGENDALIAN PERIZINAN PENDIDIKAN",
    "tahun": 2024
  },
  {
    "id": "5",
    "kode_urusan": "1",
    "kode_bidang": "1.01",
    "kode_program": "1.01.06",
    "uraian": "PROGRAM PENGEMBANGAN BAHASA DAN SASTRA",
    "tahun": 2024
  },
  {
    "id": "6",
    "kode_urusan": "1",
    "kode_bidang": "1.02",
    "kode_program": "1.02.02",
    "uraian": "PROGRAM PEMENUHAN UPAYA KESEHATAN PERORANGAN DAN UPAYA KESEHATAN MASYARAKAT",
    "tahun": 2024
  },
  {
    "id": "7",
    "kode_urusan": "1",
    "kode_bidang": "1.02",
    "kode_program": "1.02.03",
    "uraian": "PROGRAM PENINGKATAN KAPASITAS SUMBER DAYA MANUSIA KESEHATAN",
    "tahun": 2024
  },
  {
    "id": "8",
    "kode_urusan": "1",
    "kode_bidang": "1.02",
    "kode_program": "1.02.04",
    "uraian": "PROGRAM SEDIAAN FARMASI, ALAT KESEHATAN DAN MAKANAN MINUMAN",
    "tahun": 2024
  },
  {
    "id": "9",
    "kode_urusan": "1",
    "kode_bidang": "1.02",
    "kode_program": "1.02.05",
    "uraian": "PROGRAM PEMBERDAYAAN MASYARAKAT BIDANG KESEHATAN",
    "tahun": 2024
  },
  {
    "id": "10",
    "kode_urusan": "1",
    "kode_bidang": "1.03",
    "kode_program": "1.03.02",
    "uraian": "PROGRAM PENGELOLAAN SUMBER DAYA AIR (SDA)",
    "tahun": 2024
  },
  {
    "id": "11",
    "kode_urusan": "1",
    "kode_bidang": "1.03",
    "kode_program": "1.03.03",
    "uraian": "PROGRAM PENGELOLAAN DAN PENGEMBANGAN SISTEM PENYEDIAAN AIR MINUM",
    "tahun": 2024
  },
  {
    "id": "12",
    "kode_urusan": "1",
    "kode_bidang": "1.03",
    "kode_program": "1.03.04",
    "uraian": "PROGRAM PENGEMBANGAN SISTEM DAN PENGELOLAAN PERSAMPAHAN REGIONAL",
    "tahun": 2024
  },
  {
    "id": "13",
    "kode_urusan": "1",
    "kode_bidang": "1.03",
    "kode_program": "1.03.05",
    "uraian": "PROGRAM PENGELOLAAN DAN PENGEMBANGAN SISTEM AIR LIMBAH",
    "tahun": 2024
  },
  {
    "id": "14",
    "kode_urusan": "1",
    "kode_bidang": "1.03",
    "kode_program": "1.03.06",
    "uraian": "PROGRAM PENGELOLAAN DAN PENGEMBANGAN SISTEM DRAINASE",
    "tahun": 2024
  },
  {
    "id": "15",
    "kode_urusan": "1",
    "kode_bidang": "1.03",
    "kode_program": "1.03.07",
    "uraian": "PROGRAM PENGEMBANGAN PERMUKIMAN",
    "tahun": 2024
  },
  {
    "id": "16",
    "kode_urusan": "1",
    "kode_bidang": "1.03",
    "kode_program": "1.03.08",
    "uraian": "PROGRAM PENATAAN BANGUNAN GEDUNG",
    "tahun": 2024
  },
  {
    "id": "17",
    "kode_urusan": "1",
    "kode_bidang": "1.03",
    "kode_program": "1.03.09",
    "uraian": "PROGRAM PENATAAN BANGUNAN DAN LINGKUNGANNYA",
    "tahun": 2024
  },
  {
    "id": "18",
    "kode_urusan": "1",
    "kode_bidang": "1.03",
    "kode_program": "1.03.10",
    "uraian": "PROGRAM PENYELENGGARAAN JALAN",
    "tahun": 2024
  },
  {
    "id": "19",
    "kode_urusan": "1",
    "kode_bidang": "1.03",
    "kode_program": "1.03.11",
    "uraian": "PROGRAM PENGEMBANGAN JASA KONSTRUKSI",
    "tahun": 2024
  },
  {
    "id": "20",
    "kode_urusan": "1",
    "kode_bidang": "1.03",
    "kode_program": "1.03.12",
    "uraian": "PROGRAM PENYELENGGARAAN PENATAAN RUANG",
    "tahun": 2024
  },
  {
    "id": "21",
    "kode_urusan": "1",
    "kode_bidang": "1.04",
    "kode_program": "1.04.02",
    "uraian": "PROGRAM PENGEMBANGAN PERUMAHAN",
    "tahun": 2024
  },
  {
    "id": "22",
    "kode_urusan": "1",
    "kode_bidang": "1.04",
    "kode_program": "1.04.03",
    "uraian": "PROGRAM KAWASAN PERMUKIMAN",
    "tahun": 2024
  },
  {
    "id": "23",
    "kode_urusan": "1",
    "kode_bidang": "1.04",
    "kode_program": "1.04.04",
    "uraian": "PROGRAM PERUMAHAN DAN KAWASAN PERMUKIMAN KUMUH",
    "tahun": 2024
  },
  {
    "id": "24",
    "kode_urusan": "1",
    "kode_bidang": "1.04",
    "kode_program": "1.04.05",
    "uraian": "PROGRAM PENINGKATAN PRASARANA, SARANA DAN UTILITAS UMUM (PSU)",
    "tahun": 2024
  },
  {
    "id": "25",
    "kode_urusan": "1",
    "kode_bidang": "1.04",
    "kode_program": "1.04.06",
    "uraian": "PROGRAM PENINGKATAN PELAYANAN SERTIFIKASI, KUALIFIKASI, KLASIFIKASI, DAN REGISTRASI BIDANG PERUMAHAN DAN KAWASAN PERMUKIMAN",
    "tahun": 2024
  },
  {
    "id": "26",
    "kode_urusan": "1",
    "kode_bidang": "1.05",
    "kode_program": "1.05.02",
    "uraian": "PROGRAM PENINGKATAN KETENTERAMAN DAN KETERTIBAN UMUM",
    "tahun": 2024
  },
  {
    "id": "27",
    "kode_urusan": "1",
    "kode_bidang": "1.05",
    "kode_program": "1.05.03",
    "uraian": "PROGRAM PENANGGULANGAN BENCANA",
    "tahun": 2024
  },
  {
    "id": "28",
    "kode_urusan": "1",
    "kode_bidang": "1.05",
    "kode_program": "1.05.04",
    "uraian": "PROGRAM PENCEGAHAN, PENANGGULANGAN, PENYELAMATAN KEBAKARAN DAN PENYELAMATAN NON KEBAKARAN",
    "tahun": 2024
  },
  {
    "id": "29",
    "kode_urusan": "1",
    "kode_bidang": "1.06",
    "kode_program": "1.06.02",
    "uraian": "PROGRAM PEMBERDAYAAN SOSIAL",
    "tahun": 2024
  },
  {
    "id": "30",
    "kode_urusan": "1",
    "kode_bidang": "1.06",
    "kode_program": "1.06.03",
    "uraian": "PROGRAM PENANGANAN WARGA NEGARA MIGRAN KORBAN TINDAK KEKERASAN",
    "tahun": 2024
  },
  {
    "id": "31",
    "kode_urusan": "1",
    "kode_bidang": "1.06",
    "kode_program": "1.06.04",
    "uraian": "PROGRAM REHABILITASI SOSIAL",
    "tahun": 2024
  },
  {
    "id": "32",
    "kode_urusan": "1",
    "kode_bidang": "1.06",
    "kode_program": "1.06.05",
    "uraian": "PROGRAM PERLINDUNGAN DAN JAMINAN SOSIAL",
    "tahun": 2024
  },
  {
    "id": "33",
    "kode_urusan": "1",
    "kode_bidang": "1.06",
    "kode_program": "1.06.06",
    "uraian": "PROGRAM PENANGANAN BENCANA",
    "tahun": 2024
  },
  {
    "id": "34",
    "kode_urusan": "1",
    "kode_bidang": "1.06",
    "kode_program": "1.06.07",
    "uraian": "PROGRAM PENGELOLAAN TAMAN MAKAM PAHLAWAN",
    "tahun": 2024
  },
  {
    "id": "35",
    "kode_urusan": "2",
    "kode_bidang": "2.07",
    "kode_program": "2.07.02",
    "uraian": "PROGRAM PERENCANAAN TENAGA KERJA",
    "tahun": 2024
  },
  {
    "id": "36",
    "kode_urusan": "2",
    "kode_bidang": "2.07",
    "kode_program": "2.07.03",
    "uraian": "PROGRAM PELATIHAN KERJA DAN PRODUKTIVITAS TENAGA KERJA",
    "tahun": 2024
  },
  {
    "id": "37",
    "kode_urusan": "2",
    "kode_bidang": "2.07",
    "kode_program": "2.07.04",
    "uraian": "PROGRAM PENEMPATAN TENAGA KERJA",
    "tahun": 2024
  },
  {
    "id": "38",
    "kode_urusan": "2",
    "kode_bidang": "2.07",
    "kode_program": "2.07.05",
    "uraian": "PROGRAM HUBUNGAN INDUSTRIAL",
    "tahun": 2024
  },
  {
    "id": "39",
    "kode_urusan": "2",
    "kode_bidang": "2.08",
    "kode_program": "2.08.02",
    "uraian": "PROGRAM PENGARUSUTAMAAN GENDER DAN PEMBERDAYAAN PEREMPUAN",
    "tahun": 2024
  },
  {
    "id": "40",
    "kode_urusan": "2",
    "kode_bidang": "2.08",
    "kode_program": "2.08.03",
    "uraian": "PROGRAM PERLINDUNGAN PEREMPUAN",
    "tahun": 2024
  },
  {
    "id": "41",
    "kode_urusan": "2",
    "kode_bidang": "2.08",
    "kode_program": "2.08.04",
    "uraian": "PROGRAM PENINGKATAN KUALITAS KELUARGA",
    "tahun": 2024
  },
  {
    "id": "42",
    "kode_urusan": "2",
    "kode_bidang": "2.08",
    "kode_program": "2.08.05",
    "uraian": "PROGRAM PENGELOLAAN SISTEM DATA GENDER DAN ANAK",
    "tahun": 2024
  },
  {
    "id": "43",
    "kode_urusan": "2",
    "kode_bidang": "2.08",
    "kode_program": "2.08.06",
    "uraian": "PROGRAM PEMENUHAN HAK ANAK (PHA)",
    "tahun": 2024
  },
  {
    "id": "44",
    "kode_urusan": "2",
    "kode_bidang": "2.08",
    "kode_program": "2.08.07",
    "uraian": "PROGRAM PERLINDUNGAN KHUSUS ANAK",
    "tahun": 2024
  },
  {
    "id": "45",
    "kode_urusan": "2",
    "kode_bidang": "2.09",
    "kode_program": "2.09.02",
    "uraian": "PROGRAM PENGELOLAAN SUMBER DAYA EKONOMI UNTUK KEDAULATAN dan KEMANDIRIAN PANGAN",
    "tahun": 2024
  },
  {
    "id": "46",
    "kode_urusan": "2",
    "kode_bidang": "2.09",
    "kode_program": "2.09.03",
    "uraian": "PROGRAM PENINGKATAN DIVERSIFIKASI DAN KETAHANAN PANGAN MASYARAKAT",
    "tahun": 2024
  },
  {
    "id": "47",
    "kode_urusan": "2",
    "kode_bidang": "2.09",
    "kode_program": "2.09.04",
    "uraian": "PROGRAM PENANGANAN KERAWANAN PANGAN",
    "tahun": 2024
  },
  {
    "id": "48",
    "kode_urusan": "2",
    "kode_bidang": "2.09",
    "kode_program": "2.09.05",
    "uraian": "PROGRAM PENGAWASAN KEAMANAN PANGAN",
    "tahun": 2024
  },
  {
    "id": "49",
    "kode_urusan": "2",
    "kode_bidang": "2.10",
    "kode_program": "2.10.02",
    "uraian": "PROGRAM PENGELOLAAN IZIN LOKASI",
    "tahun": 2024
  },
  {
    "id": "50",
    "kode_urusan": "2",
    "kode_bidang": "2.10",
    "kode_program": "2.10.03",
    "uraian": "PROGRAM PENGADAAN TANAH UNTUK KEPENTINGAN UMUM",
    "tahun": 2024
  },
  {
    "id": "51",
    "kode_urusan": "2",
    "kode_bidang": "2.10",
    "kode_program": "2.10.04",
    "uraian": "PROGRAM PENYELESAIAN SENGKETA TANAH GARAPAN",
    "tahun": 2024
  },
  {
    "id": "52",
    "kode_urusan": "2",
    "kode_bidang": "2.10",
    "kode_program": "2.10.05",
    "uraian": "PROGRAM PENYELESAIAN GANTI KERUGIAN DAN SANTUNAN TANAH UNTUK PEMBANGUNAN",
    "tahun": 2024
  },
  {
    "id": "53",
    "kode_urusan": "2",
    "kode_bidang": "2.10",
    "kode_program": "2.10.06",
    "uraian": "PROGRAM REDISTRIBUSI TANAH, DAN GANTI KERUGIAN PROGRAM TANAH KELEBIHAN MAKSIMUM DAN TANAH ABSENTEE",
    "tahun": 2024
  },
  {
    "id": "54",
    "kode_urusan": "2",
    "kode_bidang": "2.10",
    "kode_program": "2.10.07",
    "uraian": "PROGRAM PENETAPAN TANAH ULAYAT",
    "tahun": 2024
  },
  {
    "id": "55",
    "kode_urusan": "2",
    "kode_bidang": "2.10",
    "kode_program": "2.10.08",
    "uraian": "PROGRAM PENGELOLAAN TANAH KOSONG",
    "tahun": 2024
  },
  {
    "id": "56",
    "kode_urusan": "2",
    "kode_bidang": "2.10",
    "kode_program": "2.10.09",
    "uraian": "PROGRAM PENGELOLAAN IZIN MEMBUKA TANAH",
    "tahun": 2024
  },
  {
    "id": "57",
    "kode_urusan": "2",
    "kode_bidang": "2.10",
    "kode_program": "2.10.10",
    "uraian": "PROGRAM PENATAGUNAAN TANAH",
    "tahun": 2024
  },
  {
    "id": "58",
    "kode_urusan": "2",
    "kode_bidang": "2.10",
    "kode_program": "2.10.13",
    "uraian": "PROGRAM SURVEI, PENGUKURAN DAN PEMETAAN",
    "tahun": 2024
  },
  {
    "id": "59",
    "kode_urusan": "2",
    "kode_bidang": "2.10",
    "kode_program": "2.10.15",
    "uraian": "PROGRAM PENGATURAN PERTANAHAN DI WILAYAH PESISIR, LAUT DAN PULAU",
    "tahun": 2024
  },
  {
    "id": "60",
    "kode_urusan": "2",
    "kode_bidang": "2.10",
    "kode_program": "2.10.17",
    "uraian": "PROGRAM PENANGANAN KONFLIK, SENGKETA DAN PERKARA PERTANAHAN",
    "tahun": 2024
  },
  {
    "id": "61",
    "kode_urusan": "2",
    "kode_bidang": "2.11",
    "kode_program": "2.11.02",
    "uraian": "PROGRAM PERENCANAAN LINGKUNGAN HIDUP",
    "tahun": 2024
  },
  {
    "id": "62",
    "kode_urusan": "2",
    "kode_bidang": "2.11",
    "kode_program": "2.11.03",
    "uraian": "PROGRAM PENGENDALIAN PENCEMARAN DAN/ATAU KERUSAKAN LINGKUNGAN HIDUP",
    "tahun": 2024
  },
  {
    "id": "63",
    "kode_urusan": "2",
    "kode_bidang": "2.11",
    "kode_program": "2.11.04",
    "uraian": "PROGRAM PENGELOLAAN KEANEKARAGAMAN HAYATI (KEHATI)",
    "tahun": 2024
  },
  {
    "id": "64",
    "kode_urusan": "2",
    "kode_bidang": "2.11",
    "kode_program": "2.11.05",
    "uraian": "PROGRAM PENGENDALIAN BAHAN BERBAHAYA DAN BERACUN (B3) DAN LIMBAH BAHAN BERBAHAYA DAN BERACUN (LIMBAH B3)",
    "tahun": 2024
  },
  {
    "id": "65",
    "kode_urusan": "2",
    "kode_bidang": "2.11",
    "kode_program": "2.11.06",
    "uraian": "PROGRAM PEMBINAAN DAN PENGAWASAN TERHADAP IZIN LINGKUNGAN DAN IZIN PERLINDUNGAN DAN PENGELOLAAN LINGKUNGAN HIDUP (PPLH)",
    "tahun": 2024
  },
  {
    "id": "66",
    "kode_urusan": "2",
    "kode_bidang": "2.11",
    "kode_program": "2.11.07",
    "uraian": "PROGRAM PENGAKUAN KEBERADAAN MASYARAKAT HUKUM ADAT (MHA), KEARIFAN LOKAL DAN HAK MHA YANG TERKAIT DENGAN PPLH",
    "tahun": 2024
  },
  {
    "id": "67",
    "kode_urusan": "2",
    "kode_bidang": "2.11",
    "kode_program": "2.11.08",
    "uraian": "PROGRAM PENINGKATAN PENDIDIKAN, PELATIHAN DAN PENYULUHAN LINGKUNGAN HIDUP UNTUK MASYARAKAT",
    "tahun": 2024
  },
  {
    "id": "68",
    "kode_urusan": "2",
    "kode_bidang": "2.11",
    "kode_program": "2.11.09",
    "uraian": "PROGRAM PENGHARGAAN LINGKUNGAN HIDUP UNTUK MASYARAKAT",
    "tahun": 2024
  },
  {
    "id": "69",
    "kode_urusan": "2",
    "kode_bidang": "2.11",
    "kode_program": "2.11.10",
    "uraian": "PROGRAM PENANGANAN PENGADUAN LINGKUNGAN HIDUP",
    "tahun": 2024
  },
  {
    "id": "70",
    "kode_urusan": "2",
    "kode_bidang": "2.11",
    "kode_program": "2.11.11",
    "uraian": "PROGRAM PENGELOLAAN PERSAMPAHAN",
    "tahun": 2024
  },
  {
    "id": "71",
    "kode_urusan": "2",
    "kode_bidang": "2.12",
    "kode_program": "2.12.02",
    "uraian": "PROGRAM PENDAFTARAN PENDUDUK",
    "tahun": 2024
  },
  {
    "id": "72",
    "kode_urusan": "2",
    "kode_bidang": "2.12",
    "kode_program": "2.12.03",
    "uraian": "PROGRAM PENCATATAN SIPIL",
    "tahun": 2024
  },
  {
    "id": "73",
    "kode_urusan": "2",
    "kode_bidang": "2.12",
    "kode_program": "2.12.04",
    "uraian": "PROGRAM PENGELOLAAN INFORMASI ADMINISTRASI KEPENDUDUKAN",
    "tahun": 2024
  },
  {
    "id": "74",
    "kode_urusan": "2",
    "kode_bidang": "2.12",
    "kode_program": "2.12.05",
    "uraian": "PROGRAM PENGELOLAAN PROFIL KEPENDUDUKAN",
    "tahun": 2024
  },
  {
    "id": "75",
    "kode_urusan": "2",
    "kode_bidang": "2.13",
    "kode_program": "2.13.02",
    "uraian": "PROGRAM PENATAAN DESA",
    "tahun": 2024
  },
  {
    "id": "76",
    "kode_urusan": "2",
    "kode_bidang": "2.13",
    "kode_program": "2.13.03",
    "uraian": "PROGRAM PENINGKATAN KERJA SAMA DESA",
    "tahun": 2024
  },
  {
    "id": "77",
    "kode_urusan": "2",
    "kode_bidang": "2.13",
    "kode_program": "2.13.04",
    "uraian": "PROGRAM ADMINISTRASI PEMERINTAHAN DESA",
    "tahun": 2024
  },
  {
    "id": "78",
    "kode_urusan": "2",
    "kode_bidang": "2.13",
    "kode_program": "2.13.05",
    "uraian": "PROGRAM PEMBERDAYAAN LEMBAGA KEMASYARAKATAN, LEMBAGA ADAT DAN MASYARAKAT HUKUM ADAT",
    "tahun": 2024
  },
  {
    "id": "79",
    "kode_urusan": "2",
    "kode_bidang": "2.14",
    "kode_program": "2.14.02",
    "uraian": "PROGRAM PENGENDALIAN PENDUDUK",
    "tahun": 2024
  },
  {
    "id": "80",
    "kode_urusan": "2",
    "kode_bidang": "2.14",
    "kode_program": "2.14.03",
    "uraian": "PROGRAM PEMBINAAN KELUARGA BERENCANA (KB)",
    "tahun": 2024
  },
  {
    "id": "81",
    "kode_urusan": "2",
    "kode_bidang": "2.14",
    "kode_program": "2.14.04",
    "uraian": "PROGRAM PEMBERDAYAAN DAN PENINGKATAN KELUARGA SEJAHTERA (KS)",
    "tahun": 2024
  },
  {
    "id": "82",
    "kode_urusan": "2",
    "kode_bidang": "2.15",
    "kode_program": "2.15.02",
    "uraian": "PROGRAM PENYELENGGARAAN LALU LINTAS DAN ANGKUTAN JALAN (LLAJ)",
    "tahun": 2024
  },
  {
    "id": "83",
    "kode_urusan": "2",
    "kode_bidang": "2.15",
    "kode_program": "2.15.03",
    "uraian": "PROGRAM PENGELOLAAN PELAYARAN",
    "tahun": 2024
  },
  {
    "id": "84",
    "kode_urusan": "2",
    "kode_bidang": "2.15",
    "kode_program": "2.15.04",
    "uraian": "PROGRAM PENGELOLAAN PENERBANGAN",
    "tahun": 2024
  },
  {
    "id": "85",
    "kode_urusan": "2",
    "kode_bidang": "2.15",
    "kode_program": "2.15.05",
    "uraian": "PROGRAM PENGELOLAAN PERKERETAAPIAN",
    "tahun": 2024
  },
  {
    "id": "86",
    "kode_urusan": "2",
    "kode_bidang": "2.16",
    "kode_program": "2.16.02",
    "uraian": "PROGRAM PENGELOLAAN INFORMASI DAN KOMUNIKASI PUBLIK",
    "tahun": 2024
  },
  {
    "id": "87",
    "kode_urusan": "2",
    "kode_bidang": "2.16",
    "kode_program": "2.16.03",
    "uraian": "PROGRAM PENGELOLAAN APLIKASI INFORMATIKA",
    "tahun": 2024
  },
  {
    "id": "88",
    "kode_urusan": "2",
    "kode_bidang": "2.17",
    "kode_program": "2.17.02",
    "uraian": "PROGRAM PELAYANAN IZIN USAHA SIMPAN PINJAM",
    "tahun": 2024
  },
  {
    "id": "89",
    "kode_urusan": "2",
    "kode_bidang": "2.17",
    "kode_program": "2.17.03",
    "uraian": "PROGRAM PENGAWASAN DAN PEMERIKSAAN KOPERASI",
    "tahun": 2024
  },
  {
    "id": "90",
    "kode_urusan": "2",
    "kode_bidang": "2.17",
    "kode_program": "2.17.04",
    "uraian": "PROGRAM PENILAIAN KESEHATAN KSP/USP KOPERASI",
    "tahun": 2024
  },
  {
    "id": "91",
    "kode_urusan": "2",
    "kode_bidang": "2.17",
    "kode_program": "2.17.05",
    "uraian": "PROGRAM PENDIDIKAN DAN LATIHAN PERKOPERASIAN",
    "tahun": 2024
  },
  {
    "id": "92",
    "kode_urusan": "2",
    "kode_bidang": "2.17",
    "kode_program": "2.17.06",
    "uraian": "PROGRAM PEMBERDAYAAN DAN PERLINDUNGAN KOPERASI",
    "tahun": 2024
  },
  {
    "id": "93",
    "kode_urusan": "2",
    "kode_bidang": "2.17",
    "kode_program": "2.17.07",
    "uraian": "PROGRAM PEMBERDAYAAN USAHA MENENGAH, USAHA KECIL, DAN USAHA MIKRO (UMKM)",
    "tahun": 2024
  },
  {
    "id": "94",
    "kode_urusan": "2",
    "kode_bidang": "2.17",
    "kode_program": "2.17.08",
    "uraian": "PROGRAM PENGEMBANGAN UMKM",
    "tahun": 2024
  },
  {
    "id": "95",
    "kode_urusan": "2",
    "kode_bidang": "2.18",
    "kode_program": "2.18.02",
    "uraian": "PROGRAM PENGEMBANGAN IKLIM PENANAMAN MODAL",
    "tahun": 2024
  },
  {
    "id": "96",
    "kode_urusan": "2",
    "kode_bidang": "2.18",
    "kode_program": "2.18.03",
    "uraian": "PROGRAM PROMOSI PENANAMAN MODAL",
    "tahun": 2024
  },
  {
    "id": "97",
    "kode_urusan": "2",
    "kode_bidang": "2.18",
    "kode_program": "2.18.04",
    "uraian": "PROGRAM PELAYANAN PENANAMAN MODAL",
    "tahun": 2024
  },
  {
    "id": "98",
    "kode_urusan": "2",
    "kode_bidang": "2.18",
    "kode_program": "2.18.05",
    "uraian": "PROGRAM PENGENDALIAN PELAKSANAAN PENANAMAN MODAL",
    "tahun": 2024
  },
  {
    "id": "99",
    "kode_urusan": "2",
    "kode_bidang": "2.18",
    "kode_program": "2.18.06",
    "uraian": "PROGRAM PENGELOLAAN DATA DAN SISTEM INFORMASI PENANAMAN MODAL",
    "tahun": 2024
  },
  {
    "id": "100",
    "kode_urusan": "2",
    "kode_bidang": "2.19",
    "kode_program": "2.19.02",
    "uraian": "PROGRAM PENGEMBANGAN KAPASITAS DAYA SAING KEPEMUDAAN",
    "tahun": 2024
  },
  {
    "id": "101",
    "kode_urusan": "2",
    "kode_bidang": "2.19",
    "kode_program": "2.19.03",
    "uraian": "PROGRAM PENGEMBANGAN KAPASITAS DAYA SAING KEOLAHRAGAAN",
    "tahun": 2024
  },
  {
    "id": "102",
    "kode_urusan": "2",
    "kode_bidang": "2.19",
    "kode_program": "2.19.04",
    "uraian": "PROGRAM PENGEMBANGAN KAPASITAS KEPRAMUKAAN",
    "tahun": 2024
  },
  {
    "id": "103",
    "kode_urusan": "2",
    "kode_bidang": "2.20",
    "kode_program": "2.20.02",
    "uraian": "PROGRAM PENYELENGGARAAN STATISTIK SEKTORAL",
    "tahun": 2024
  },
  {
    "id": "104",
    "kode_urusan": "2",
    "kode_bidang": "2.21",
    "kode_program": "2.21.02",
    "uraian": "PROGRAM PENYELENGGARAAN PERSANDIAN UNTUK PENGAMANAN INFORMASI",
    "tahun": 2024
  },
  {
    "id": "105",
    "kode_urusan": "2",
    "kode_bidang": "2.22",
    "kode_program": "2.22.02",
    "uraian": "PROGRAM PENGEMBANGAN KEBUDAYAAN",
    "tahun": 2024
  },
  {
    "id": "106",
    "kode_urusan": "2",
    "kode_bidang": "2.22",
    "kode_program": "2.22.03",
    "uraian": "PROGRAM PENGEMBANGAN KESENIAN TRADISIONAL",
    "tahun": 2024
  },
  {
    "id": "107",
    "kode_urusan": "2",
    "kode_bidang": "2.22",
    "kode_program": "2.22.04",
    "uraian": "PROGRAM PEMBINAAN SEJARAH",
    "tahun": 2024
  },
  {
    "id": "108",
    "kode_urusan": "2",
    "kode_bidang": "2.22",
    "kode_program": "2.22.05",
    "uraian": "PROGRAM PELESTARIAN DAN PENGELOLAAN CAGAR BUDAYA",
    "tahun": 2024
  },
  {
    "id": "109",
    "kode_urusan": "2",
    "kode_bidang": "2.22",
    "kode_program": "2.22.06",
    "uraian": "PROGRAM PENGELOLAAN PERMUSEUMAN",
    "tahun": 2024
  },
  {
    "id": "110",
    "kode_urusan": "2",
    "kode_bidang": "2.23",
    "kode_program": "2.23.02",
    "uraian": "PROGRAM PEMBINAAN PERPUSTAKAAN",
    "tahun": 2024
  },
  {
    "id": "111",
    "kode_urusan": "2",
    "kode_bidang": "2.23",
    "kode_program": "2.23.03",
    "uraian": "PROGRAM PELESTARIAN KOLEKSI NASIONAL DAN NASKAH KUNO",
    "tahun": 2024
  },
  {
    "id": "112",
    "kode_urusan": "2",
    "kode_bidang": "2.24",
    "kode_program": "2.24.02",
    "uraian": "PROGRAM PENGELOLAAN ARSIP",
    "tahun": 2024
  },
  {
    "id": "113",
    "kode_urusan": "2",
    "kode_bidang": "2.24",
    "kode_program": "2.24.03",
    "uraian": "PROGRAM PERLINDUNGAN DAN PENYELAMATAN ARSIP",
    "tahun": 2024
  },
  {
    "id": "114",
    "kode_urusan": "2",
    "kode_bidang": "2.24",
    "kode_program": "2.24.04",
    "uraian": "PROGRAM PERIZINAN PENGGUNAAN ARSIP",
    "tahun": 2024
  },
  {
    "id": "115",
    "kode_urusan": "3",
    "kode_bidang": "3.25",
    "kode_program": "3.25.03",
    "uraian": "PROGRAM PENGELOLAAN PERIKANAN TANGKAP",
    "tahun": 2024
  },
  {
    "id": "116",
    "kode_urusan": "3",
    "kode_bidang": "3.25",
    "kode_program": "3.25.04",
    "uraian": "PROGRAM PENGELOLAAN PERIKANAN BUDIDAYA",
    "tahun": 2024
  },
  {
    "id": "117",
    "kode_urusan": "3",
    "kode_bidang": "3.25",
    "kode_program": "3.25.05",
    "uraian": "PROGRAM PENGAWASAN SUMBER DAYA KELAUTAN DAN PERIKANAN",
    "tahun": 2024
  },
  {
    "id": "118",
    "kode_urusan": "3",
    "kode_bidang": "3.25",
    "kode_program": "3.25.06",
    "uraian": "PROGRAM PENGOLAHAN DAN PEMASARAN HASIL PERIKANAN",
    "tahun": 2024
  },
  {
    "id": "119",
    "kode_urusan": "3",
    "kode_bidang": "3.26",
    "kode_program": "3.26.02",
    "uraian": "PROGRAM PENINGKATAN DAYA TARIK DESTINASI PARIWISATA",
    "tahun": 2024
  },
  {
    "id": "120",
    "kode_urusan": "3",
    "kode_bidang": "3.26",
    "kode_program": "3.26.03",
    "uraian": "PROGRAM PEMASARAN PARIWISATA",
    "tahun": 2024
  },
  {
    "id": "121",
    "kode_urusan": "3",
    "kode_bidang": "3.26",
    "kode_program": "3.26.04",
    "uraian": "PROGRAM PENGEMBANGAN EKONOMI KREATIF MELALUI PEMANFAATAN DAN PERLINDUNGAN HAK KEKAYAAN INTELEKTUAL",
    "tahun": 2024
  },
  {
    "id": "122",
    "kode_urusan": "3",
    "kode_bidang": "3.26",
    "kode_program": "3.26.05",
    "uraian": "PROGRAM PENGEMBANGAN SUMBER DAYA PARIWISATA DAN EKONOMI KREATIF",
    "tahun": 2024
  },
  {
    "id": "123",
    "kode_urusan": "3",
    "kode_bidang": "3.27",
    "kode_program": "3.27.02",
    "uraian": "PROGRAM PENYEDIAAN DAN PENGEMBANGAN SARANA PERTANIAN",
    "tahun": 2024
  },
  {
    "id": "124",
    "kode_urusan": "3",
    "kode_bidang": "3.27",
    "kode_program": "3.27.03",
    "uraian": "PROGRAM PENYEDIAAN DAN PENGEMBANGAN PRASARANA PERTANIAN",
    "tahun": 2024
  },
  {
    "id": "125",
    "kode_urusan": "3",
    "kode_bidang": "3.27",
    "kode_program": "3.27.04",
    "uraian": "PROGRAM PENGENDALIAN KESEHATAN HEWAN DAN KESEHATAN MASYARAKAT VETERINER",
    "tahun": 2024
  },
  {
    "id": "126",
    "kode_urusan": "3",
    "kode_bidang": "3.27",
    "kode_program": "3.27.05",
    "uraian": "PROGRAM PENGENDALIAN DAN PENANGGULANGAN BENCANA PERTANIAN",
    "tahun": 2024
  },
  {
    "id": "127",
    "kode_urusan": "3",
    "kode_bidang": "3.27",
    "kode_program": "3.27.06",
    "uraian": "PROGRAM PERIZINAN USAHA PERTANIAN",
    "tahun": 2024
  },
  {
    "id": "128",
    "kode_urusan": "3",
    "kode_bidang": "3.27",
    "kode_program": "3.27.07",
    "uraian": "PROGRAM PENYULUHAN PERTANIAN",
    "tahun": 2024
  },
  {
    "id": "129",
    "kode_urusan": "3",
    "kode_bidang": "3.28",
    "kode_program": "3.28.02",
    "uraian": "PROGRAM PERENCANAAN HUTAN",
    "tahun": 2024
  },
  {
    "id": "130",
    "kode_urusan": "3",
    "kode_bidang": "3.28",
    "kode_program": "3.28.03",
    "uraian": "PROGRAM PENGELOLAAN HUTAN",
    "tahun": 2024
  },
  {
    "id": "131",
    "kode_urusan": "3",
    "kode_bidang": "3.28",
    "kode_program": "3.28.04",
    "uraian": "PROGRAM KONSERVASI SUMBER DAYA ALAM HAYATI DAN EKOSISTEMNYA",
    "tahun": 2024
  },
  {
    "id": "132",
    "kode_urusan": "3",
    "kode_bidang": "3.29",
    "kode_program": "3.29.05",
    "uraian": "PROGRAM PENGELOLAAN ENERGI BARU TERBARUKAN",
    "tahun": 2024
  },
  {
    "id": "133",
    "kode_urusan": "3",
    "kode_bidang": "3.30",
    "kode_program": "3.30.02",
    "uraian": "PROGRAM PERIZINAN DAN PENDAFTARAN PERUSAHAAN",
    "tahun": 2024
  },
  {
    "id": "134",
    "kode_urusan": "3",
    "kode_bidang": "3.30",
    "kode_program": "3.30.03",
    "uraian": "PROGRAM PENINGKATAN SARANA DISTRIBUSI PERDAGANGAN",
    "tahun": 2024
  },
  {
    "id": "135",
    "kode_urusan": "3",
    "kode_bidang": "3.30",
    "kode_program": "3.30.04",
    "uraian": "PROGRAM STABILISASI HARGA BARANG KEBUTUHAN POKOK DAN BARANG PENTING",
    "tahun": 2024
  },
  {
    "id": "136",
    "kode_urusan": "3",
    "kode_bidang": "3.30",
    "kode_program": "3.30.05",
    "uraian": "PROGRAM PENGEMBANGAN EKSPOR",
    "tahun": 2024
  },
  {
    "id": "137",
    "kode_urusan": "3",
    "kode_bidang": "3.30",
    "kode_program": "3.30.06",
    "uraian": "PROGRAM STANDARDISASI DAN PERLINDUNGAN KONSUMEN",
    "tahun": 2024
  },
  {
    "id": "138",
    "kode_urusan": "3",
    "kode_bidang": "3.30",
    "kode_program": "3.30.07",
    "uraian": "PROGRAM PENGGUNAAN DAN PEMASARAN PRODUK DALAM NEGERI",
    "tahun": 2024
  },
  {
    "id": "139",
    "kode_urusan": "3",
    "kode_bidang": "3.31",
    "kode_program": "3.31.02",
    "uraian": "PROGRAM PERENCANAAN DAN PEMBANGUNAN INDUSTRI",
    "tahun": 2024
  },
  {
    "id": "140",
    "kode_urusan": "3",
    "kode_bidang": "3.31",
    "kode_program": "3.31.03",
    "uraian": "PROGRAM PENGENDALIAN IZIN USAHA INDUSTRI",
    "tahun": 2024
  },
  {
    "id": "141",
    "kode_urusan": "3",
    "kode_bidang": "3.31",
    "kode_program": "3.31.04",
    "uraian": "PROGRAM PENGELOLAAN SISTEM INFORMASI INDUSTRI NASIONAL",
    "tahun": 2024
  },
  {
    "id": "142",
    "kode_urusan": "3",
    "kode_bidang": "3.32",
    "kode_program": "3.32.02",
    "uraian": "PROGRAM PERENCANAAN KAWASAN TRANSMIGRASI",
    "tahun": 2024
  },
  {
    "id": "143",
    "kode_urusan": "3",
    "kode_bidang": "3.32",
    "kode_program": "3.32.03",
    "uraian": "PROGRAM PEMBANGUNAN KAWASAN TRANSMIGRASI",
    "tahun": 2024
  },
  {
    "id": "144",
    "kode_urusan": "3",
    "kode_bidang": "3.32",
    "kode_program": "3.32.04",
    "uraian": "PROGRAM PENGEMBANGAN KAWASAN TRANSMIGRASI",
    "tahun": 2024
  },
  {
    "id": "145",
    "kode_urusan": "4",
    "kode_bidang": "4.01",
    "kode_program": "4.01.01",
    "uraian": "PROGRAM PENUNJANG URUSAN PEMERINTAHAN DAERAH",
    "tahun": 2024
  },
  {
    "id": "146",
    "kode_urusan": "4",
    "kode_bidang": "4.01",
    "kode_program": "4.01.02",
    "uraian": "PROGRAM PEMERINTAHAN DAN KESEJAHTERAAN RAKYAT",
    "tahun": 2024
  },
  {
    "id": "147",
    "kode_urusan": "4",
    "kode_bidang": "4.01",
    "kode_program": "4.01.03",
    "uraian": "PROGRAM PEREKONOMIAN DAN PEMBANGUNAN",
    "tahun": 2024
  },
  {
    "id": "148",
    "kode_urusan": "4",
    "kode_bidang": "4.02",
    "kode_program": "4.02.01",
    "uraian": "PROGRAM PENUNJANG URUSAN PEMERINTAHAN DAERAH",
    "tahun": 2024
  },
  {
    "id": "149",
    "kode_urusan": "4",
    "kode_bidang": "4.02",
    "kode_program": "4.02.02",
    "uraian": "PROGRAM DUKUNGAN PELAKSANAAN TUGAS DAN FUNGSI DPRD",
    "tahun": 2024
  },
  {
    "id": "150",
    "kode_urusan": "5",
    "kode_bidang": "5.01",
    "kode_program": "5.01.02",
    "uraian": "PROGRAM PERENCANAAN, PENGENDALIAN DAN EVALUASI PEMBANGUNAN DAERAH",
    "tahun": 2024
  },
  {
    "id": "151",
    "kode_urusan": "5",
    "kode_bidang": "5.01",
    "kode_program": "5.01.03",
    "uraian": "PROGRAM KOORDINASI DAN SINKRONISASI PERENCANAAN PEMBANGUNAN DAERAH",
    "tahun": 2024
  },
  {
    "id": "152",
    "kode_urusan": "5",
    "kode_bidang": "5.02",
    "kode_program": "5.02.02",
    "uraian": "PROGRAM PENGELOLAAN KEUANGAN DAERAH",
    "tahun": 2024
  },
  {
    "id": "153",
    "kode_urusan": "5",
    "kode_bidang": "5.02",
    "kode_program": "5.02.03",
    "uraian": "PROGRAM PENGELOLAAN BARANG MILIK DAERAH",
    "tahun": 2024
  },
  {
    "id": "154",
    "kode_urusan": "5",
    "kode_bidang": "5.02",
    "kode_program": "5.02.04",
    "uraian": "PROGRAM PENGELOLAAN PENDAPATAN DAERAH",
    "tahun": 2024
  },
  {
    "id": "155",
    "kode_urusan": "5",
    "kode_bidang": "5.03",
    "kode_program": "5.03.02",
    "uraian": "PROGRAM KEPEGAWAIAN DAERAH",
    "tahun": 2024
  },
  {
    "id": "156",
    "kode_urusan": "5",
    "kode_bidang": "5.04",
    "kode_program": "5.04.02",
    "uraian": "PROGRAM PENGEMBANGAN SUMBER DAYA MANUSIA",
    "tahun": 2024
  },
  {
    "id": "157",
    "kode_urusan": "5",
    "kode_bidang": "5.05",
    "kode_program": "5.05.02",
    "uraian": "PROGRAM PENELITIAN DAN PENGEMBANGAN DAERAH",
    "tahun": 2024
  },
  {
    "id": "158",
    "kode_urusan": "5",
    "kode_bidang": "5.06",
    "kode_program": "5.06.02",
    "uraian": "PROGRAM PENGELOLAAN PERBATASAN",
    "tahun": 2024
  },
  {
    "id": "159",
    "kode_urusan": "6",
    "kode_bidang": "6.01",
    "kode_program": "6.01.02",
    "uraian": "PROGRAM PENYELENGGARAAN PENGAWASAN",
    "tahun": 2024
  },
  {
    "id": "160",
    "kode_urusan": "6",
    "kode_bidang": "6.01",
    "kode_program": "6.01.03",
    "uraian": "PROGRAM PERUMUSAN KEBIJAKAN, PENDAMPINGAN DAN ASISTENSI",
    "tahun": 2024
  },
  {
    "id": "161",
    "kode_urusan": "7",
    "kode_bidang": "7.01",
    "kode_program": "7.01.02",
    "uraian": "PROGRAM PENYELENGGARAAN PEMERINTAHAN DAN PELAYANAN PUBLIK",
    "tahun": 2024
  },
  {
    "id": "162",
    "kode_urusan": "7",
    "kode_bidang": "7.01",
    "kode_program": "7.01.03",
    "uraian": "PROGRAM PEMBERDAYAAN MASYARAKAT DESA DAN KELURAHAN",
    "tahun": 2024
  },
  {
    "id": "163",
    "kode_urusan": "7",
    "kode_bidang": "7.01",
    "kode_program": "7.01.04",
    "uraian": "PROGRAM KOORDINASI KETENTRAMAN DAN KETERTIBAN UMUM",
    "tahun": 2024
  },
  {
    "id": "164",
    "kode_urusan": "7",
    "kode_bidang": "7.01",
    "kode_program": "7.01.05",
    "uraian": "PROGRAM PENYELENGGARAAN URUSAN PEMERINTAHAN UMUM",
    "tahun": 2024
  },
  {
    "id": "165",
    "kode_urusan": "7",
    "kode_bidang": "7.01",
    "kode_program": "7.01.06",
    "uraian": "PROGRAM PEMBINAAN DAN PENGAWASAN PEMERINTAHAN DESA",
    "tahun": 2024
  },
  {
    "id": "166",
    "kode_urusan": "8",
    "kode_bidang": "8.01",
    "kode_program": "8.01.02",
    "uraian": "PROGRAM PENGUATAN IDEOLOGI PANCASILA DAN KARAKTER KEBANGSAAN",
    "tahun": 2024
  },
  {
    "id": "167",
    "kode_urusan": "8",
    "kode_bidang": "8.01",
    "kode_program": "8.01.03",
    "uraian": "PROGRAM PENINGKATAN PERAN PARTAI POLITIK DAN LEMBAGA PENDIDIKAN MELALUI PENDIDIKAN POLITIK DAN PENGEMBANGAN ETIKA SERTA BUDAYA POLITIK",
    "tahun": 2024
  },
  {
    "id": "168",
    "kode_urusan": "8",
    "kode_bidang": "8.01",
    "kode_program": "8.01.04",
    "uraian": "PROGRAM PEMBERDAYAAN DAN PENGAWASAN ORGANISASI KEMASYARAKATAN",
    "tahun": 2024
  },
  {
    "id": "169",
    "kode_urusan": "8",
    "kode_bidang": "8.01",
    "kode_program": "8.01.05",
    "uraian": "PROGRAM PEMBINAAN DAN PENGEMBANGAN KETAHANAN EKONOMI, SOSIAL, DAN BUDAYA",
    "tahun": 2024
  },
  {
    "id": "170",
    "kode_urusan": "8",
    "kode_bidang": "8.01",
    "kode_program": "8.01.06",
    "uraian": "PROGRAM PENINGKATAN KEWASPADAAN NASIONAL DAN PENINGKATAN KUALITAS DAN FASILITASI PENANGANAN KONFLIK SOSIAL",
    "tahun": 2024
  },
  {
    "id": "171",
    "kode_urusan": "X",
    "kode_bidang": "X.XX",
    "kode_program": "X.XX.01",
    "uraian": "PROGRAM PENUNJANG URUSAN PEMERINTAHAN DAERAH KABUPATEN/KOTA",
    "tahun": 2024
  },
  {
    "id": "172",
    "kode_urusan": "1",
    "kode_bidang": "1.02",
    "kode_program": "1.02.07",
    "uraian": "PORGRAM AKREDITASI PELAYANAN KESEHATAN",
    "tahun": 2024
  },
  {
    "id": "173",
    "kode_urusan": "1",
    "kode_bidang": "1.03",
    "kode_program": "1.03.13",
    "uraian": "PROGRAM PENYELENGGARAAN KEISTIMEWAAN YOGYAKARTA URUSAN TATA RUANG",
    "tahun": 2024
  },
  {
    "id": "174",
    "kode_urusan": "2",
    "kode_bidang": "2.10",
    "kode_program": "2.10.12",
    "uraian": "PROGRAM PENGURUSAN HAK HAK ATAS TANAH",
    "tahun": 2024
  },
  {
    "id": "175",
    "kode_urusan": "2",
    "kode_bidang": "2.10",
    "kode_program": "2.10.14",
    "uraian": "PROGRAM PENGEMBANGAN DAN PEMBINAAN SDM DAN KELEMBAGAAN PERTANAHAN",
    "tahun": 2024
  },
  {
    "id": "176",
    "kode_urusan": "2",
    "kode_bidang": "2.10",
    "kode_program": "2.10.16",
    "uraian": "PROGRAM PENGELOLAAN SISTEM INFORMASI PERTANAHAN",
    "tahun": 2024
  },
  {
    "id": "177",
    "kode_urusan": "2",
    "kode_bidang": "2.13",
    "kode_program": "2.13.06",
    "uraian": "PROGRAM PEMBERDAYAAN MASYARAKAT DAN KAMPUNG PAPUA",
    "tahun": 2024
  },
  {
    "id": "178",
    "kode_urusan": "2",
    "kode_bidang": "2.13",
    "kode_program": "2.13.07",
    "uraian": "PROGRAM PEMBERDAYAAN MASYARAKAT DAN KAMPUNG PAPUA BARAT",
    "tahun": 2024
  },
  {
    "id": "179",
    "kode_urusan": "2",
    "kode_bidang": "2.13",
    "kode_program": "2.13.08",
    "uraian": "PROGRAM PEMBANGUNAN KAMPUNG DAN PERKAMPUNGAN",
    "tahun": 2024
  },
  {
    "id": "180",
    "kode_urusan": "2",
    "kode_bidang": "2.17",
    "kode_program": "2.17.09",
    "uraian": "PROGRAM PENGUATAN BADAN HUKUM KOPERASI",
    "tahun": 2024
  },
  {
    "id": "181",
    "kode_urusan": "2",
    "kode_bidang": "2.22",
    "kode_program": "2.22.07",
    "uraian": "PROGRAM MAJELIS ADAT ACEH (MAA)",
    "tahun": 2024
  },
  {
    "id": "182",
    "kode_urusan": "2",
    "kode_bidang": "2.22",
    "kode_program": "2.22.10",
    "uraian": "PROGRAM PERFILMAN NASIONAL",
    "tahun": 2024
  },
  {
    "id": "183",
    "kode_urusan": "3",
    "kode_bidang": "3.28",
    "kode_program": "3.28.08",
    "uraian": "PROGRAM PENGELOLAAN HUTAN ADAT",
    "tahun": 2024
  },
  {
    "id": "184",
    "kode_urusan": "3",
    "kode_bidang": "3.29",
    "kode_program": "3.29.02",
    "uraian": "PROGRAM PENGELOLAAN ASPEK GEOLOGI",
    "tahun": 2024
  },
  {
    "id": "185",
    "kode_urusan": "2",
    "kode_bidang": "2.10",
    "kode_program": "2.10.11",
    "uraian": "PROGRAM PENYELENGGARAAN KEISTIMEWAAN YOGYAKARTA URUSAN PERTANAHAN",
    "tahun": 2024
  }
]