[
  {
    "id": "1",
    "kode_tema": "1",
    "kode_program": "1.1",
    "kode_keluaran": "1.1.1",
    "kode_aktifitas": "1.1.1.1",
    "kode_target_aktifitas": "1.1.1.1.1",
    "uraian": "Jumlah satuan pendidikan oleh Lembaga Keagamaan atau LSM Sekolah Dasar",
    "satuan": "satuan pendidikan",
    "volume": "32.00",
    "sumberdana": "Otsus 1,25%",
    "tahun": 2025,
    "created_at": "2024-10-10 22:03:10",
    "updated_at": "2024-10-11 00:22:08"
  },
  {
    "id": "2",
    "kode_tema": "1",
    "kode_program": "1.1",
    "kode_keluaran": "1.1.1",
    "kode_aktifitas": "1.1.1.1",
    "kode_target_aktifitas": "1.1.1.1.2",
    "uraian": "Jumlah satuan pendidikan oleh Lembaga Keagamaan atau LSM Sekolah Menengah",
    "satuan": "satuan pendidikan",
    "volume": "3.00",
    "sumberdana": "Otsus 1,25%",
    "tahun": 2025,
    "created_at": "2024-10-10 22:03:10",
    "updated_at": "2024-10-10 22:30:09"
  },
  {
    "id": "3",
    "kode_tema": "1",
    "kode_program": "1.1",
    "kode_keluaran": "1.1.1",
    "kode_aktifitas": "1.1.1.1",
    "kode_target_aktifitas": "1.1.1.1.3",
    "uraian": "Jumlah satuan pendidikan oleh Lembaga Keagamaan atau LSM Sekolah Tinggi",
    "satuan": "satuan pendidikan",
    "volume": null,
    "sumberdana": null,
    "tahun": 2025,
    "created_at": "2024-10-10 22:03:10",
    "updated_at": "2024-10-10 22:03:10"
  },
  {
    "id": "4",
    "kode_tema": "1",
    "kode_program": "1.1",
    "kode_keluaran": "1.1.1",
    "kode_aktifitas": "1.1.1.1",
    "kode_target_aktifitas": "1.1.1.1.4",
    "uraian": "Jumlah satuan pendidikan oleh Lembaga Keagamaan atau LSM Sekolah Nonformal/Kesetaraan",
    "satuan": "satuan pendidikan",
    "volume": "1.00",
    "sumberdana": "Otsus 1,25%",
    "tahun": 2025,
    "created_at": "2024-10-10 22:03:10",
    "updated_at": "2024-10-10 22:30:21"
  },
  {
    "id": "5",
    "kode_tema": "1",
    "kode_program": "1.1",
    "kode_keluaran": "1.1.2",
    "kode_aktifitas": "1.1.2.1",
    "kode_target_aktifitas": "1.1.2.1.1",
    "uraian": "Jumlah tenaga pendidik/kependidikan Sekolah Dasar",
    "satuan": "orang",
    "volume": "81.00",
    "sumberdana": "Otsus 1,25%",
    "tahun": 2025,
    "created_at": "2024-10-10 22:03:10",
    "updated_at": "2024-10-10 22:31:37"
  },
  {
    "id": "6",
    "kode_tema": "1",
    "kode_program": "1.1",
    "kode_keluaran": "1.1.2",
    "kode_aktifitas": "1.1.2.1",
    "kode_target_aktifitas": "1.1.2.1.2",
    "uraian": "Jumlah tenaga pendidik/kependidikan Sekolah Menengah",
    "satuan": "orang",
    "volume": "22.00",
    "sumberdana": "Otsus 1,25%",
    "tahun": 2025,
    "created_at": "2024-10-10 22:03:10",
    "updated_at": "2024-10-10 22:31:47"
  },
  {
    "id": "7",
    "kode_tema": "1",
    "kode_program": "1.1",
    "kode_keluaran": "1.1.2",
    "kode_aktifitas": "1.1.2.1",
    "kode_target_aktifitas": "1.1.2.1.3",
    "uraian": "Jumlah tenaga pendidik/kependidikan Sekolah Tinggi",
    "satuan": "orang",
    "volume": null,
    "sumberdana": null,
    "tahun": 2025,
    "created_at": "2024-10-10 22:03:10",
    "updated_at": "2024-10-10 22:03:10"
  },
  {
    "id": "8",
    "kode_tema": "1",
    "kode_program": "1.1",
    "kode_keluaran": "1.1.2",
    "kode_aktifitas": "1.1.2.1",
    "kode_target_aktifitas": "1.1.2.1.4",
    "uraian": "Jumlah tenaga pendidik/kependidikan Sekolah Nonformal/Kesetaraan",
    "satuan": "orang",
    "volume": "1.00",
    "sumberdana": "Otsus 1,25%",
    "tahun": 2025,
    "created_at": "2024-10-10 22:03:10",
    "updated_at": "2024-10-10 22:44:45"
  },
  {
    "id": "9",
    "kode_tema": "1",
    "kode_program": "1.1",
    "kode_keluaran": "1.1.3",
    "kode_aktifitas": "1.1.3.1",
    "kode_target_aktifitas": "1.1.3.1.1",
    "uraian": "Jumlah Unit Sekolah/Satuan Pendidikan Baru",
    "satuan": "unit",
    "volume": "4.00",
    "sumberdana": "Otsus 1,25%",
    "tahun": 2025,
    "created_at": "2024-10-10 22:03:10",
    "updated_at": "2024-10-10 22:44:57"
  },
  {
    "id": "10",
    "kode_tema": "1",
    "kode_program": "1.1",
    "kode_keluaran": "1.1.3",
    "kode_aktifitas": "1.1.3.1",
    "kode_target_aktifitas": "1.1.3.1.2",
    "uraian": "Jumlah Perpustakaan Baru",
    "satuan": "unit",
    "volume": "1.00",
    "sumberdana": "Otsus 1,25%",
    "tahun": 2025,
    "created_at": "2024-10-10 22:03:10",
    "updated_at": "2024-10-10 22:45:07"
  },
  {
    "id": "11",
    "kode_tema": "1",
    "kode_program": "1.1",
    "kode_keluaran": "1.1.3",
    "kode_aktifitas": "1.1.3.1",
    "kode_target_aktifitas": "1.1.3.1.3",
    "uraian": "Jumlah Ruang Kelas/Guru Baru",
    "satuan": "unit",
    "volume": "7.00",
    "sumberdana": "Otsus 1,25%",
    "tahun": 2025,
    "created_at": "2024-10-10 22:03:10",
    "updated_at": "2024-10-10 22:45:17"
  },
  {
    "id": "12",
    "kode_tema": "1",
    "kode_program": "1.1",
    "kode_keluaran": "1.1.3",
    "kode_aktifitas": "1.1.3.1",
    "kode_target_aktifitas": "1.1.3.1.4",
    "uraian": "Jumlah Ruang Laboratorium Baru",
    "satuan": "unit",
    "volume": "4.00",
    "sumberdana": "Otsus 1,25%",
    "tahun": 2025,
    "created_at": "2024-10-10 22:03:10",
    "updated_at": "2024-10-10 22:45:27"
  },
  {
    "id": "13",
    "kode_tema": "1",
    "kode_program": "1.1",
    "kode_keluaran": "1.1.3",
    "kode_aktifitas": "1.1.3.1",
    "kode_target_aktifitas": "1.1.3.1.5",
    "uraian": "Jumlah Asrama Sekolah Baru",
    "satuan": "unit",
    "volume": "2.00",
    "sumberdana": "Otsus 1,25%",
    "tahun": 2025,
    "created_at": "2024-10-10 22:03:10",
    "updated_at": "2024-10-10 22:45:43"
  },
  {
    "id": "14",
    "kode_tema": "1",
    "kode_program": "1.1",
    "kode_keluaran": "1.1.3",
    "kode_aktifitas": "1.1.3.1",
    "kode_target_aktifitas": "1.1.3.1.6",
    "uraian": "Jumlah Sarana Mobilitas Sekolah Baru",
    "satuan": "unit",
    "volume": null,
    "sumberdana": null,
    "tahun": 2025,
    "created_at": "2024-10-10 22:03:10",
    "updated_at": "2024-10-10 22:03:10"
  },
  {
    "id": "15",
    "kode_tema": "1",
    "kode_program": "1.1",
    "kode_keluaran": "1.1.3",
    "kode_aktifitas": "1.1.3.1",
    "kode_target_aktifitas": "1.1.3.1.7",
    "uraian": "Rehabilitasi Ruang Kelas/Guru/Laboratorium",
    "satuan": "unit",
    "volume": null,
    "sumberdana": null,
    "tahun": 2025,
    "created_at": "2024-10-10 22:03:10",
    "updated_at": "2024-10-10 22:03:10"
  },
  {
    "id": "16",
    "kode_tema": "1",
    "kode_program": "1.1",
    "kode_keluaran": "1.1.3",
    "kode_aktifitas": "1.1.3.1",
    "kode_target_aktifitas": "1.1.3.1.8",
    "uraian": "Rehabilitasi Asrama Sekolah",
    "satuan": "unit",
    "volume": null,
    "sumberdana": null,
    "tahun": 2025,
    "created_at": "2024-10-10 22:03:10",
    "updated_at": "2024-10-10 22:03:10"
  },
  {
    "id": "17",
    "kode_tema": "1",
    "kode_program": "1.1",
    "kode_keluaran": "1.1.4",
    "kode_aktifitas": "1.1.4.1",
    "kode_target_aktifitas": "1.1.4.1.1",
    "uraian": "Jumlah Balai Bahasa Baru",
    "satuan": "unit",
    "volume": null,
    "sumberdana": null,
    "tahun": 2025,
    "created_at": "2024-10-10 22:03:10",
    "updated_at": "2024-10-10 22:03:10"
  },
  {
    "id": "18",
    "kode_tema": "1",
    "kode_program": "1.2",
    "kode_keluaran": "1.2.1",
    "kode_aktifitas": "1.2.1.1",
    "kode_target_aktifitas": "1.2.1.1.1",
    "uraian": "Jumlah layanan Sekolah Dasar",
    "satuan": "satuan pendidikan",
    "volume": null,
    "sumberdana": null,
    "tahun": 2025,
    "created_at": "2024-10-10 22:03:10",
    "updated_at": "2024-10-10 22:03:10"
  },
  {
    "id": "19",
    "kode_tema": "1",
    "kode_program": "1.2",
    "kode_keluaran": "1.2.1",
    "kode_aktifitas": "1.2.1.1",
    "kode_target_aktifitas": "1.2.1.1.2",
    "uraian": "Jumlah Layanan Sekolah Menengah",
    "satuan": "satuan pendidikan",
    "volume": null,
    "sumberdana": null,
    "tahun": 2025,
    "created_at": "2024-10-10 22:03:10",
    "updated_at": "2024-10-10 22:03:10"
  },
  {
    "id": "20",
    "kode_tema": "1",
    "kode_program": "1.2",
    "kode_keluaran": "1.2.1",
    "kode_aktifitas": "1.2.1.1",
    "kode_target_aktifitas": "1.2.1.1.3",
    "uraian": "Jumlah Layanan Sekolah Tinggi",
    "satuan": "satuan pendidikan",
    "volume": null,
    "sumberdana": null,
    "tahun": 2025,
    "created_at": "2024-10-10 22:03:10",
    "updated_at": "2024-10-10 22:03:10"
  },
  {
    "id": "21",
    "kode_tema": "1",
    "kode_program": "1.2",
    "kode_keluaran": "1.2.1",
    "kode_aktifitas": "1.2.1.1",
    "kode_target_aktifitas": "1.2.1.1.4",
    "uraian": "Jumlah Layanan Sekolah Nonformal/Kesetaraan",
    "satuan": "satuan pendidikan",
    "volume": null,
    "sumberdana": null,
    "tahun": 2025,
    "created_at": "2024-10-10 22:03:10",
    "updated_at": "2024-10-10 22:03:10"
  },
  {
    "id": "22",
    "kode_tema": "1",
    "kode_program": "1.2",
    "kode_keluaran": "1.2.2",
    "kode_aktifitas": "1.2.2.1",
    "kode_target_aktifitas": "1.2.2.1.1",
    "uraian": "Jumlah penerima beasiswa Sekolah Dasar dan Sekolah Menengah",
    "satuan": "orang",
    "volume": "110.00",
    "sumberdana": "Otsus 1,25%",
    "tahun": 2025,
    "created_at": "2024-10-10 22:03:10",
    "updated_at": "2024-10-10 22:45:54"
  },
  {
    "id": "23",
    "kode_tema": "1",
    "kode_program": "1.2",
    "kode_keluaran": "1.2.2",
    "kode_aktifitas": "1.2.2.1",
    "kode_target_aktifitas": "1.2.2.1.2",
    "uraian": "Jumlah penerima beasiswa Sekolah Tinggi",
    "satuan": "orang",
    "volume": null,
    "sumberdana": null,
    "tahun": 2025,
    "created_at": "2024-10-10 22:03:10",
    "updated_at": "2024-10-10 22:03:10"
  },
  {
    "id": "24",
    "kode_tema": "1",
    "kode_program": "1.2",
    "kode_keluaran": "1.2.3",
    "kode_aktifitas": "1.2.3.1",
    "kode_target_aktifitas": "1.2.3.1.1",
    "uraian": "Terselenggaranya kegiatan pembinaan perpustakaan",
    "satuan": "kegiatan",
    "volume": "1.00",
    "sumberdana": "Otsus 1,25%",
    "tahun": 2025,
    "created_at": "2024-10-10 22:03:10",
    "updated_at": "2024-10-10 22:46:06"
  },
  {
    "id": "25",
    "kode_tema": "1",
    "kode_program": "1.2",
    "kode_keluaran": "1.2.3",
    "kode_aktifitas": "1.2.3.1",
    "kode_target_aktifitas": "1.2.3.1.2",
    "uraian": "Terselenggaranya kegiatan pembinaan budaya membaca",
    "satuan": "kegiatan",
    "volume": null,
    "sumberdana": null,
    "tahun": 2025,
    "created_at": "2024-10-10 22:03:10",
    "updated_at": "2024-10-10 22:03:10"
  },
  {
    "id": "26",
    "kode_tema": "1",
    "kode_program": "1.X",
    "kode_keluaran": "1.X.X",
    "kode_aktifitas": "1.X.X.X",
    "kode_target_aktifitas": "1.X.X.X.X",
    "uraian": "NON-PROGRAM PRIORITAS - PAPUA CERDAS",
    "satuan": "",
    "volume": null,
    "sumberdana": "Otsus 1,25%",
    "tahun": 2025,
    "created_at": "2024-10-10 22:03:10",
    "updated_at": "2024-10-10 22:21:35"
  },
  {
    "id": "27",
    "kode_tema": "2",
    "kode_program": "2.1",
    "kode_keluaran": "2.1.1",
    "kode_aktifitas": "2.1.1.1",
    "kode_target_aktifitas": "2.1.1.1.1",
    "uraian": "Jumlah Pengadaan Tenaga Kesehatan Baru",
    "satuan": "orang",
    "volume": null,
    "sumberdana": null,
    "tahun": 2025,
    "created_at": "2024-10-10 22:03:10",
    "updated_at": "2024-10-10 22:03:10"
  },
  {
    "id": "28",
    "kode_tema": "2",
    "kode_program": "2.1",
    "kode_keluaran": "2.1.2",
    "kode_aktifitas": "2.1.2.1",
    "kode_target_aktifitas": "2.1.2.1.1",
    "uraian": "Jumlah Peningkatan Kompentensi & Kualifikasi Tenaga Kesehatan",
    "satuan": "orang",
    "volume": null,
    "sumberdana": null,
    "tahun": 2025,
    "created_at": "2024-10-10 22:03:10",
    "updated_at": "2024-10-10 22:03:10"
  },
  {
    "id": "29",
    "kode_tema": "2",
    "kode_program": "2.1",
    "kode_keluaran": "2.1.3",
    "kode_aktifitas": "2.1.3.1",
    "kode_target_aktifitas": "2.1.3.1.1",
    "uraian": "Jumlah Rumah Sakit Baru",
    "satuan": "unit",
    "volume": null,
    "sumberdana": null,
    "tahun": 2025,
    "created_at": "2024-10-10 22:03:10",
    "updated_at": "2024-10-10 22:03:10"
  },
  {
    "id": "30",
    "kode_tema": "2",
    "kode_program": "2.1",
    "kode_keluaran": "2.1.3",
    "kode_aktifitas": "2.1.3.1",
    "kode_target_aktifitas": "2.1.3.1.2",
    "uraian": "Jumlah Puskesmas Baru",
    "satuan": "unit",
    "volume": "1.00",
    "sumberdana": "Otsus 1,25%",
    "tahun": 2025,
    "created_at": "2024-10-10 22:03:10",
    "updated_at": "2024-10-18 00:10:27"
  },
  {
    "id": "31",
    "kode_tema": "2",
    "kode_program": "2.1",
    "kode_keluaran": "2.1.3",
    "kode_aktifitas": "2.1.3.1",
    "kode_target_aktifitas": "2.1.3.1.3",
    "uraian": "Jumlah Puskesmas Pembantu (Pustu) Baru",
    "satuan": "unit",
    "volume": "1.00",
    "sumberdana": "Otsus 1,25%",
    "tahun": 2025,
    "created_at": "2024-10-10 22:03:10",
    "updated_at": "2024-10-18 00:10:49"
  },
  {
    "id": "32",
    "kode_tema": "2",
    "kode_program": "2.1",
    "kode_keluaran": "2.1.3",
    "kode_aktifitas": "2.1.3.1",
    "kode_target_aktifitas": "2.1.3.1.4",
    "uraian": "Jumlah Balai Penyuluhan KB Baru",
    "satuan": "unit",
    "volume": null,
    "sumberdana": null,
    "tahun": 2025,
    "created_at": "2024-10-10 22:03:10",
    "updated_at": "2024-10-10 22:03:10"
  },
  {
    "id": "33",
    "kode_tema": "2",
    "kode_program": "2.1",
    "kode_keluaran": "2.1.3",
    "kode_aktifitas": "2.1.3.1",
    "kode_target_aktifitas": "2.1.3.1.5",
    "uraian": "Jumlah UTD Baru",
    "satuan": "unit",
    "volume": null,
    "sumberdana": null,
    "tahun": 2025,
    "created_at": "2024-10-10 22:03:10",
    "updated_at": "2024-10-10 22:03:10"
  },
  {
    "id": "34",
    "kode_tema": "2",
    "kode_program": "2.1",
    "kode_keluaran": "2.1.3",
    "kode_aktifitas": "2.1.3.1",
    "kode_target_aktifitas": "2.1.3.1.6",
    "uraian": "Jumlah Mobil UTD Baru",
    "satuan": "unit",
    "volume": null,
    "sumberdana": null,
    "tahun": 2025,
    "created_at": "2024-10-10 22:03:10",
    "updated_at": "2024-10-10 22:03:10"
  },
  {
    "id": "35",
    "kode_tema": "2",
    "kode_program": "2.1",
    "kode_keluaran": "2.1.3",
    "kode_aktifitas": "2.1.3.1",
    "kode_target_aktifitas": "2.1.3.1.7",
    "uraian": "Jumlah Kendaraan Distribusi",
    "satuan": "unit",
    "volume": null,
    "sumberdana": null,
    "tahun": 2025,
    "created_at": "2024-10-10 22:03:10",
    "updated_at": "2024-10-10 22:03:10"
  },
  {
    "id": "36",
    "kode_tema": "2",
    "kode_program": "2.1",
    "kode_keluaran": "2.1.3",
    "kode_aktifitas": "2.1.3.1",
    "kode_target_aktifitas": "2.1.3.1.8",
    "uraian": "Jumlah Pengembangan dan Rehabilitasi Rumah Sakit",
    "satuan": "unit",
    "volume": "1.00",
    "sumberdana": "Otsus 1,25%",
    "tahun": 2025,
    "created_at": "2024-10-10 22:03:10",
    "updated_at": "2024-10-18 15:05:30"
  },
  {
    "id": "37",
    "kode_tema": "2",
    "kode_program": "2.1",
    "kode_keluaran": "2.1.3",
    "kode_aktifitas": "2.1.3.1",
    "kode_target_aktifitas": "2.1.3.1.9",
    "uraian": "Jumlah Pengembangan dan Rehabilitasi Puskesmas",
    "satuan": "unit",
    "volume": null,
    "sumberdana": null,
    "tahun": 2025,
    "created_at": "2024-10-10 22:03:11",
    "updated_at": "2024-10-10 22:03:11"
  },
  {
    "id": "38",
    "kode_tema": "2",
    "kode_program": "2.1",
    "kode_keluaran": "2.1.3",
    "kode_aktifitas": "2.1.3.1",
    "kode_target_aktifitas": "2.1.3.1.10",
    "uraian": "Jumlah Pengembangan dan Rehabilitasi UTD",
    "satuan": "unit",
    "volume": null,
    "sumberdana": null,
    "tahun": 2025,
    "created_at": "2024-10-10 22:03:11",
    "updated_at": "2024-10-10 22:03:11"
  },
  {
    "id": "39",
    "kode_tema": "2",
    "kode_program": "2.1",
    "kode_keluaran": "2.1.3",
    "kode_aktifitas": "2.1.3.1",
    "kode_target_aktifitas": "2.1.3.1.11",
    "uraian": "Jumlah Pengembangan dan Rehabilitasi Balai Penyuluhan KB",
    "satuan": "unit",
    "volume": null,
    "sumberdana": null,
    "tahun": 2025,
    "created_at": "2024-10-10 22:03:11",
    "updated_at": "2024-10-10 22:03:11"
  },
  {
    "id": "40",
    "kode_tema": "2",
    "kode_program": "2.1",
    "kode_keluaran": "2.1.4",
    "kode_aktifitas": "2.1.4.1",
    "kode_target_aktifitas": "2.1.4.1.1",
    "uraian": "Jumlah pengadaan alat kesehatan",
    "satuan": "pcs",
    "volume": "3.00",
    "sumberdana": "Otsus 1,25%",
    "tahun": 2025,
    "created_at": "2024-10-10 22:03:11",
    "updated_at": "2024-10-18 00:11:14"
  },
  {
    "id": "41",
    "kode_tema": "2",
    "kode_program": "2.1",
    "kode_keluaran": "2.1.4",
    "kode_aktifitas": "2.1.4.1",
    "kode_target_aktifitas": "2.1.4.1.2",
    "uraian": "Jumlah pengadaan vaksin",
    "satuan": "pcs",
    "volume": null,
    "sumberdana": null,
    "tahun": 2025,
    "created_at": "2024-10-10 22:03:11",
    "updated_at": "2024-10-10 22:03:11"
  },
  {
    "id": "42",
    "kode_tema": "2",
    "kode_program": "2.1",
    "kode_keluaran": "2.1.4",
    "kode_aktifitas": "2.1.4.1",
    "kode_target_aktifitas": "2.1.4.1.3",
    "uraian": "Jumlah pengadaan obat",
    "satuan": "pcs",
    "volume": "1000.00",
    "sumberdana": "Otsus 1,25%",
    "tahun": 2025,
    "created_at": "2024-10-10 22:03:11",
    "updated_at": "2024-10-18 00:12:27"
  },
  {
    "id": "43",
    "kode_tema": "2",
    "kode_program": "2.1",
    "kode_keluaran": "2.1.4",
    "kode_aktifitas": "2.1.4.1",
    "kode_target_aktifitas": "2.1.4.1.4",
    "uraian": "Jumlah pengadaan alat kontrasepsi",
    "satuan": "pcs",
    "volume": null,
    "sumberdana": null,
    "tahun": 2025,
    "created_at": "2024-10-10 22:03:11",
    "updated_at": "2024-10-10 22:03:11"
  },
  {
    "id": "44",
    "kode_tema": "2",
    "kode_program": "2.1",
    "kode_keluaran": "2.1.4",
    "kode_aktifitas": "2.1.4.1",
    "kode_target_aktifitas": "2.1.4.1.5",
    "uraian": "Jumlah Pengadaan Bahan Medis Habis Pakai (BMHP)",
    "satuan": "pcs",
    "volume": null,
    "sumberdana": null,
    "tahun": 2025,
    "created_at": "2024-10-10 22:03:11",
    "updated_at": "2024-10-10 22:03:11"
  },
  {
    "id": "45",
    "kode_tema": "2",
    "kode_program": "2.2",
    "kode_keluaran": "2.2.1",
    "kode_aktifitas": "2.2.1.1",
    "kode_target_aktifitas": "2.2.1.1.1",
    "uraian": "Jumlah keluarga terbina program KB",
    "satuan": "keluarga",
    "volume": null,
    "sumberdana": null,
    "tahun": 2025,
    "created_at": "2024-10-10 22:03:11",
    "updated_at": "2024-10-10 22:03:11"
  },
  {
    "id": "46",
    "kode_tema": "2",
    "kode_program": "2.2",
    "kode_keluaran": "2.2.1",
    "kode_aktifitas": "2.2.1.1",
    "kode_target_aktifitas": "2.2.1.1.2",
    "uraian": "Jumlah keluarga terbina program imunisasi",
    "satuan": "keluarga",
    "volume": null,
    "sumberdana": null,
    "tahun": 2025,
    "created_at": "2024-10-10 22:03:11",
    "updated_at": "2024-10-10 22:03:11"
  },
  {
    "id": "47",
    "kode_tema": "2",
    "kode_program": "2.2",
    "kode_keluaran": "2.2.1",
    "kode_aktifitas": "2.2.1.1",
    "kode_target_aktifitas": "2.2.1.1.3",
    "uraian": "Jumlah Keluarga terbina (BKR) Bina Keluarga Remaja",
    "satuan": "keluarga",
    "volume": null,
    "sumberdana": null,
    "tahun": 2025,
    "created_at": "2024-10-10 22:03:11",
    "updated_at": "2024-10-10 22:03:11"
  },
  {
    "id": "48",
    "kode_tema": "2",
    "kode_program": "2.2",
    "kode_keluaran": "2.2.1",
    "kode_aktifitas": "2.2.1.1",
    "kode_target_aktifitas": "2.2.1.1.4",
    "uraian": "Jumlah Keluarga terbina Promosi dan Konseling Kesehatan Reproduksi (Kespro)",
    "satuan": "keluarga",
    "volume": null,
    "sumberdana": null,
    "tahun": 2025,
    "created_at": "2024-10-10 22:03:11",
    "updated_at": "2024-10-10 22:03:11"
  },
  {
    "id": "49",
    "kode_tema": "2",
    "kode_program": "2.2",
    "kode_keluaran": "2.2.2",
    "kode_aktifitas": "2.2.2.1",
    "kode_target_aktifitas": "2.2.2.1.1",
    "uraian": "Jumlah orang tertanggulangi penyakit menular",
    "satuan": "orang",
    "volume": null,
    "sumberdana": null,
    "tahun": 2025,
    "created_at": "2024-10-10 22:03:11",
    "updated_at": "2024-10-10 22:03:11"
  },
  {
    "id": "50",
    "kode_tema": "2",
    "kode_program": "2.2",
    "kode_keluaran": "2.2.2",
    "kode_aktifitas": "2.2.2.1",
    "kode_target_aktifitas": "2.2.2.1.2",
    "uraian": "Jumlah orang tertanggulangi penyakit tidak menular",
    "satuan": "orang",
    "volume": null,
    "sumberdana": null,
    "tahun": 2025,
    "created_at": "2024-10-10 22:03:11",
    "updated_at": "2024-10-10 22:03:11"
  },
  {
    "id": "51",
    "kode_tema": "2",
    "kode_program": "2.2",
    "kode_keluaran": "2.2.2",
    "kode_aktifitas": "2.2.2.1",
    "kode_target_aktifitas": "2.2.2.1.3",
    "uraian": "Jumlah orang tertanggulangi penyakit jiwa",
    "satuan": "orang",
    "volume": null,
    "sumberdana": null,
    "tahun": 2025,
    "created_at": "2024-10-10 22:03:11",
    "updated_at": "2024-10-10 22:03:11"
  },
  {
    "id": "52",
    "kode_tema": "2",
    "kode_program": "2.2",
    "kode_keluaran": "2.2.3",
    "kode_aktifitas": "2.2.3.1",
    "kode_target_aktifitas": "2.2.3.1.1",
    "uraian": "Tersedianya Layanan Kesehatan Ibu Hamil dan Bersalin",
    "satuan": "layanan",
    "volume": null,
    "sumberdana": null,
    "tahun": 2025,
    "created_at": "2024-10-10 22:03:11",
    "updated_at": "2024-10-10 22:03:11"
  },
  {
    "id": "53",
    "kode_tema": "2",
    "kode_program": "2.2",
    "kode_keluaran": "2.2.3",
    "kode_aktifitas": "2.2.3.1",
    "kode_target_aktifitas": "2.2.3.1.2",
    "uraian": "Tersedianya Layanan Kesehatan Bayi Baru Lahir",
    "satuan": "layanan",
    "volume": null,
    "sumberdana": null,
    "tahun": 2025,
    "created_at": "2024-10-10 22:03:11",
    "updated_at": "2024-10-10 22:03:11"
  },
  {
    "id": "54",
    "kode_tema": "2",
    "kode_program": "2.2",
    "kode_keluaran": "2.2.3",
    "kode_aktifitas": "2.2.3.1",
    "kode_target_aktifitas": "2.2.3.1.3",
    "uraian": "Tersedianya Layanan Kesehatan Balita",
    "satuan": "layanan",
    "volume": null,
    "sumberdana": null,
    "tahun": 2025,
    "created_at": "2024-10-10 22:03:11",
    "updated_at": "2024-10-10 22:03:11"
  },
  {
    "id": "55",
    "kode_tema": "2",
    "kode_program": "2.2",
    "kode_keluaran": "2.2.3",
    "kode_aktifitas": "2.2.3.1",
    "kode_target_aktifitas": "2.2.3.1.4",
    "uraian": "Tersedianya Layanan Kesehatan Lansia",
    "satuan": "layanan",
    "volume": null,
    "sumberdana": null,
    "tahun": 2025,
    "created_at": "2024-10-10 22:03:11",
    "updated_at": "2024-10-10 22:03:11"
  },
  {
    "id": "56",
    "kode_tema": "2",
    "kode_program": "2.2",
    "kode_keluaran": "2.2.3",
    "kode_aktifitas": "2.2.3.1",
    "kode_target_aktifitas": "2.2.3.1.5",
    "uraian": "Tersedianya Layanan Kesehatan Orang Dengan Masalah Kejiwaan (ODMK)",
    "satuan": "layanan",
    "volume": null,
    "sumberdana": null,
    "tahun": 2025,
    "created_at": "2024-10-10 22:03:11",
    "updated_at": "2024-10-10 22:03:11"
  },
  {
    "id": "57",
    "kode_tema": "2",
    "kode_program": "2.2",
    "kode_keluaran": "2.2.3",
    "kode_aktifitas": "2.2.3.1",
    "kode_target_aktifitas": "2.2.3.1.6",
    "uraian": "Tersedianya Layanan Kesehatan Penyalahguna NAPZA",
    "satuan": "layanan",
    "volume": null,
    "sumberdana": null,
    "tahun": 2025,
    "created_at": "2024-10-10 22:03:11",
    "updated_at": "2024-10-10 22:03:11"
  },
  {
    "id": "58",
    "kode_tema": "2",
    "kode_program": "2.2",
    "kode_keluaran": "2.2.3",
    "kode_aktifitas": "2.2.3.1",
    "kode_target_aktifitas": "2.2.3.1.7",
    "uraian": "Tersedianya Layanan pengendalian faktor risiko TB/DBD/Malaria/Diare/Pes/HIV-AIDS",
    "satuan": "layanan",
    "volume": null,
    "sumberdana": null,
    "tahun": 2025,
    "created_at": "2024-10-10 22:03:11",
    "updated_at": "2024-10-10 22:03:11"
  },
  {
    "id": "59",
    "kode_tema": "2",
    "kode_program": "2.3",
    "kode_keluaran": "2.3.1",
    "kode_aktifitas": "2.3.1.1",
    "kode_target_aktifitas": "2.3.1.1.1",
    "uraian": "Jumlah sarana transportasi pelayanan kesehatan bergerak",
    "satuan": "unit",
    "volume": null,
    "sumberdana": null,
    "tahun": 2025,
    "created_at": "2024-10-10 22:03:11",
    "updated_at": "2024-10-10 22:03:11"
  },
  {
    "id": "60",
    "kode_tema": "2",
    "kode_program": "2.3",
    "kode_keluaran": "2.3.2",
    "kode_aktifitas": "2.3.2.1",
    "kode_target_aktifitas": "2.3.2.1.1",
    "uraian": "Tersedianya layanan kesehatan bergerak",
    "satuan": "layanan",
    "volume": null,
    "sumberdana": null,
    "tahun": 2025,
    "created_at": "2024-10-10 22:03:11",
    "updated_at": "2024-10-10 22:03:11"
  },
  {
    "id": "61",
    "kode_tema": "2",
    "kode_program": "2.3",
    "kode_keluaran": "2.3.2",
    "kode_aktifitas": "2.3.2.1",
    "kode_target_aktifitas": "2.3.2.1.2",
    "uraian": "Tersedianya layanan telemedecince",
    "satuan": "layanan",
    "volume": null,
    "sumberdana": null,
    "tahun": 2025,
    "created_at": "2024-10-10 22:03:11",
    "updated_at": "2024-10-10 22:03:11"
  },
  {
    "id": "62",
    "kode_tema": "2",
    "kode_program": "2.X",
    "kode_keluaran": "2.X.X",
    "kode_aktifitas": "2.X.X.X",
    "kode_target_aktifitas": "2.X.X.X.X",
    "uraian": "NON-PROGRAM PRIORITAS - PAPUA SEHAT",
    "satuan": "",
    "volume": null,
    "sumberdana": "Otsus 1,25%",
    "tahun": 2025,
    "created_at": "2024-10-10 22:03:11",
    "updated_at": "2024-10-19 21:32:02"
  },
  {
    "id": "63",
    "kode_tema": "3",
    "kode_program": "3.1",
    "kode_keluaran": "3.1.1",
    "kode_aktifitas": "3.1.1.1",
    "kode_target_aktifitas": "3.1.1.1.1",
    "uraian": "Jumlah produk hasil panen pertanian dan perkebunan lokal",
    "satuan": "produk ",
    "volume": null,
    "sumberdana": null,
    "tahun": 2025,
    "created_at": "2024-10-10 22:03:11",
    "updated_at": "2024-10-10 22:03:11"
  },
  {
    "id": "64",
    "kode_tema": "3",
    "kode_program": "3.1",
    "kode_keluaran": "3.1.1",
    "kode_aktifitas": "3.1.1.1",
    "kode_target_aktifitas": "3.1.1.1.2",
    "uraian": "Jumlah produk hasil panen ikan lokal ",
    "satuan": "produk ",
    "volume": null,
    "sumberdana": null,
    "tahun": 2025,
    "created_at": "2024-10-10 22:03:11",
    "updated_at": "2024-10-10 22:03:11"
  },
  {
    "id": "65",
    "kode_tema": "3",
    "kode_program": "3.1",
    "kode_keluaran": "3.1.1",
    "kode_aktifitas": "3.1.1.1",
    "kode_target_aktifitas": "3.1.1.1.3",
    "uraian": "Jumlah produk hasil peternakan lokal ",
    "satuan": "produk ",
    "volume": null,
    "sumberdana": null,
    "tahun": 2025,
    "created_at": "2024-10-10 22:03:11",
    "updated_at": "2024-10-10 22:03:11"
  },
  {
    "id": "66",
    "kode_tema": "3",
    "kode_program": "3.1",
    "kode_keluaran": "3.1.1",
    "kode_aktifitas": "3.1.1.1",
    "kode_target_aktifitas": "3.1.1.1.4",
    "uraian": "Jumlah produk olahan lokal ",
    "satuan": "produk ",
    "volume": null,
    "sumberdana": null,
    "tahun": 2025,
    "created_at": "2024-10-10 22:03:11",
    "updated_at": "2024-10-10 22:03:11"
  },
  {
    "id": "67",
    "kode_tema": "3",
    "kode_program": "3.1",
    "kode_keluaran": "3.1.2",
    "kode_aktifitas": "3.1.2.1",
    "kode_target_aktifitas": "3.1.2.1.1",
    "uraian": "Jumlah pengadaan irigasi perpompaan dan perpipaan besar/menengah",
    "satuan": "unit ",
    "volume": null,
    "sumberdana": null,
    "tahun": 2025,
    "created_at": "2024-10-10 22:03:11",
    "updated_at": "2024-10-10 22:03:11"
  },
  {
    "id": "68",
    "kode_tema": "3",
    "kode_program": "3.1",
    "kode_keluaran": "3.1.2",
    "kode_aktifitas": "3.1.2.1",
    "kode_target_aktifitas": "3.1.2.1.2",
    "uraian": "Jumlah embung pertanian ",
    "satuan": "unit ",
    "volume": null,
    "sumberdana": null,
    "tahun": 2025,
    "created_at": "2024-10-10 22:03:11",
    "updated_at": "2024-10-10 22:03:11"
  },
  {
    "id": "69",
    "kode_tema": "3",
    "kode_program": "3.1",
    "kode_keluaran": "3.1.2",
    "kode_aktifitas": "3.1.2.1",
    "kode_target_aktifitas": "3.1.2.1.3",
    "uraian": "Jumlah drainase",
    "satuan": "unit ",
    "volume": null,
    "sumberdana": null,
    "tahun": 2025,
    "created_at": "2024-10-10 22:03:11",
    "updated_at": "2024-10-10 22:03:11"
  },
  {
    "id": "70",
    "kode_tema": "3",
    "kode_program": "3.1",
    "kode_keluaran": "3.1.2",
    "kode_aktifitas": "3.1.2.1",
    "kode_target_aktifitas": "3.1.2.1.4",
    "uraian": "Jumlah lantai jemur ",
    "satuan": "unit ",
    "volume": null,
    "sumberdana": null,
    "tahun": 2025,
    "created_at": "2024-10-10 22:03:11",
    "updated_at": "2024-10-10 22:03:11"
  },
  {
    "id": "71",
    "kode_tema": "3",
    "kode_program": "3.1",
    "kode_keluaran": "3.1.2",
    "kode_aktifitas": "3.1.2.1",
    "kode_target_aktifitas": "3.1.2.1.5",
    "uraian": "Jumlah pasar lokal dan modern ",
    "satuan": "unit ",
    "volume": null,
    "sumberdana": null,
    "tahun": 2025,
    "created_at": "2024-10-10 22:03:11",
    "updated_at": "2024-10-10 22:03:11"
  },
  {
    "id": "72",
    "kode_tema": "3",
    "kode_program": "3.1",
    "kode_keluaran": "3.1.2",
    "kode_aktifitas": "3.1.2.1",
    "kode_target_aktifitas": "3.1.2.1.6",
    "uraian": "Jumlah gudang pendingin penyimpanan hasil pertanian dan perikanan",
    "satuan": "unit ",
    "volume": null,
    "sumberdana": null,
    "tahun": 2025,
    "created_at": "2024-10-10 22:03:11",
    "updated_at": "2024-10-10 22:03:11"
  },
  {
    "id": "73",
    "kode_tema": "3",
    "kode_program": "3.1",
    "kode_keluaran": "3.1.2",
    "kode_aktifitas": "3.1.2.1",
    "kode_target_aktifitas": "3.1.2.1.7",
    "uraian": "Jumlah rumah pengolahan pangan lokal ",
    "satuan": "unit ",
    "volume": null,
    "sumberdana": null,
    "tahun": 2025,
    "created_at": "2024-10-10 22:03:11",
    "updated_at": "2024-10-10 22:03:11"
  },
  {
    "id": "74",
    "kode_tema": "3",
    "kode_program": "3.1",
    "kode_keluaran": "3.1.2",
    "kode_aktifitas": "3.1.2.1",
    "kode_target_aktifitas": "3.1.2.1.8",
    "uraian": "Jumlah lumbung pangan daerah ",
    "satuan": "unit ",
    "volume": null,
    "sumberdana": null,
    "tahun": 2025,
    "created_at": "2024-10-10 22:03:11",
    "updated_at": "2024-10-10 22:03:11"
  },
  {
    "id": "75",
    "kode_tema": "3",
    "kode_program": "3.1",
    "kode_keluaran": "3.1.2",
    "kode_aktifitas": "3.1.2.1",
    "kode_target_aktifitas": "3.1.2.1.9",
    "uraian": "Jumlah perahu/ kapal pelayaran",
    "satuan": "unit ",
    "volume": null,
    "sumberdana": null,
    "tahun": 2025,
    "created_at": "2024-10-10 22:03:11",
    "updated_at": "2024-10-10 22:03:11"
  },
  {
    "id": "76",
    "kode_tema": "3",
    "kode_program": "3.1",
    "kode_keluaran": "3.1.2",
    "kode_aktifitas": "3.1.2.1",
    "kode_target_aktifitas": "3.1.2.1.10",
    "uraian": "Jumlah pengadaan RPH (Rumah Potong Hewan) Unggas dan Ruminansia",
    "satuan": "unit ",
    "volume": null,
    "sumberdana": null,
    "tahun": 2025,
    "created_at": "2024-10-10 22:03:11",
    "updated_at": "2024-10-10 22:03:11"
  },
  {
    "id": "77",
    "kode_tema": "3",
    "kode_program": "3.1",
    "kode_keluaran": "3.1.2",
    "kode_aktifitas": "3.1.2.1",
    "kode_target_aktifitas": "3.1.2.1.11",
    "uraian": "Jumlah Screen House Modern Pengembangan Hortikultura",
    "satuan": "unit ",
    "volume": null,
    "sumberdana": null,
    "tahun": 2025,
    "created_at": "2024-10-10 22:03:11",
    "updated_at": "2024-10-10 22:03:11"
  },
  {
    "id": "78",
    "kode_tema": "3",
    "kode_program": "3.1",
    "kode_keluaran": "3.1.3",
    "kode_aktifitas": "3.1.3.1",
    "kode_target_aktifitas": "3.1.3.1.1",
    "uraian": "Jumlah komunitas Petani terlatih ",
    "satuan": "kelompok masyarakat",
    "volume": null,
    "sumberdana": null,
    "tahun": 2025,
    "created_at": "2024-10-10 22:03:11",
    "updated_at": "2024-10-10 22:03:11"
  },
  {
    "id": "79",
    "kode_tema": "3",
    "kode_program": "3.1",
    "kode_keluaran": "3.1.3",
    "kode_aktifitas": "3.1.3.1",
    "kode_target_aktifitas": "3.1.3.1.2",
    "uraian": "Jumlah komunitas Nelayan terlatih",
    "satuan": "kelompok masyarakat",
    "volume": null,
    "sumberdana": null,
    "tahun": 2025,
    "created_at": "2024-10-10 22:03:11",
    "updated_at": "2024-10-10 22:03:11"
  },
  {
    "id": "80",
    "kode_tema": "3",
    "kode_program": "3.1",
    "kode_keluaran": "3.1.3",
    "kode_aktifitas": "3.1.3.1",
    "kode_target_aktifitas": "3.1.3.1.3",
    "uraian": "Jumlah komunitas UMKM terlatih",
    "satuan": "kelompok masyarakat",
    "volume": null,
    "sumberdana": null,
    "tahun": 2025,
    "created_at": "2024-10-10 22:03:11",
    "updated_at": "2024-10-10 22:03:11"
  },
  {
    "id": "81",
    "kode_tema": "3",
    "kode_program": "3.2",
    "kode_keluaran": "3.2.1",
    "kode_aktifitas": "3.2.1.1",
    "kode_target_aktifitas": "3.2.1.1.1",
    "uraian": "Jumlah peserta program bantuan PBK (Pelatihan Berbasis Kompetensi)",
    "satuan": "orang ",
    "volume": null,
    "sumberdana": null,
    "tahun": 2025,
    "created_at": "2024-10-10 22:03:11",
    "updated_at": "2024-10-10 22:03:11"
  },
  {
    "id": "82",
    "kode_tema": "3",
    "kode_program": "3.2",
    "kode_keluaran": "3.2.1",
    "kode_aktifitas": "3.2.1.1",
    "kode_target_aktifitas": "3.2.1.1.2",
    "uraian": "Jumlah penerima bantuan Pekerjaan dan Praktek Kerja/ Magang",
    "satuan": "orang ",
    "volume": "30.00",
    "sumberdana": "Otsus 1%",
    "tahun": 2025,
    "created_at": "2024-10-10 22:03:11",
    "updated_at": "2024-10-21 06:13:52"
  },
  {
    "id": "83",
    "kode_tema": "3",
    "kode_program": "3.2",
    "kode_keluaran": "3.2.1",
    "kode_aktifitas": "3.2.1.1",
    "kode_target_aktifitas": "3.2.1.1.3",
    "uraian": "Jumlah wirausahawan terbina",
    "satuan": "orang ",
    "volume": null,
    "sumberdana": null,
    "tahun": 2025,
    "created_at": "2024-10-10 22:03:11",
    "updated_at": "2024-10-10 22:03:11"
  },
  {
    "id": "84",
    "kode_tema": "3",
    "kode_program": "3.2",
    "kode_keluaran": "3.2.2",
    "kode_aktifitas": "3.2.2.1",
    "kode_target_aktifitas": "3.2.2.1.1",
    "uraian": "Terbinanya Komunitas Adat Terpencil (KAT)",
    "satuan": "kelompok masyarakat",
    "volume": "3.00",
    "sumberdana": "Otsus 1%",
    "tahun": 2025,
    "created_at": "2024-10-10 22:03:11",
    "updated_at": "2024-10-21 06:14:20"
  },
  {
    "id": "85",
    "kode_tema": "3",
    "kode_program": "3.2",
    "kode_keluaran": "3.2.2",
    "kode_aktifitas": "3.2.2.1",
    "kode_target_aktifitas": "3.2.2.1.2",
    "uraian": "Terbinanya Komunitas Pemberdayaan Perempuan",
    "satuan": "kelompok masyarakat",
    "volume": null,
    "sumberdana": null,
    "tahun": 2025,
    "created_at": "2024-10-10 22:03:11",
    "updated_at": "2024-10-10 22:03:11"
  },
  {
    "id": "86",
    "kode_tema": "3",
    "kode_program": "3.2",
    "kode_keluaran": "3.2.2",
    "kode_aktifitas": "3.2.2.1",
    "kode_target_aktifitas": "3.2.2.1.3",
    "uraian": "Terbinanya Kelompok Advokasi Hak Asasi Manusia",
    "satuan": "kelompok masyarakat",
    "volume": null,
    "sumberdana": null,
    "tahun": 2025,
    "created_at": "2024-10-10 22:03:11",
    "updated_at": "2024-10-10 22:03:11"
  },
  {
    "id": "87",
    "kode_tema": "3",
    "kode_program": "3.2",
    "kode_keluaran": "3.2.2",
    "kode_aktifitas": "3.2.2.1",
    "kode_target_aktifitas": "3.2.2.1.4",
    "uraian": "Terbinanya Kelompok Pekerja Sosial Masyarakat (PSM)",
    "satuan": "kelompok masyarakat",
    "volume": "3.00",
    "sumberdana": "Otsus 1%",
    "tahun": 2025,
    "created_at": "2024-10-10 22:03:11",
    "updated_at": "2024-10-21 06:14:29"
  },
  {
    "id": "88",
    "kode_tema": "3",
    "kode_program": "3.2",
    "kode_keluaran": "3.2.3",
    "kode_aktifitas": "3.2.3.1",
    "kode_target_aktifitas": "3.2.3.1.1",
    "uraian": "Jumlah Tourist Information Centre (TIC)",
    "satuan": "unit ",
    "volume": null,
    "sumberdana": null,
    "tahun": 2025,
    "created_at": "2024-10-10 22:03:11",
    "updated_at": "2024-10-10 22:03:11"
  },
  {
    "id": "89",
    "kode_tema": "3",
    "kode_program": "3.2",
    "kode_keluaran": "3.2.3",
    "kode_aktifitas": "3.2.3.1",
    "kode_target_aktifitas": "3.2.3.1.2",
    "uraian": "Jumlah Desa Wisata",
    "satuan": "unit ",
    "volume": null,
    "sumberdana": null,
    "tahun": 2025,
    "created_at": "2024-10-10 22:03:11",
    "updated_at": "2024-10-10 22:03:11"
  },
  {
    "id": "90",
    "kode_tema": "3",
    "kode_program": "3.2",
    "kode_keluaran": "3.2.3",
    "kode_aktifitas": "3.2.3.1",
    "kode_target_aktifitas": "3.2.3.1.3",
    "uraian": "Jumlah Penginapan Hotel/Homestay ",
    "satuan": "unit ",
    "volume": null,
    "sumberdana": null,
    "tahun": 2025,
    "created_at": "2024-10-10 22:03:11",
    "updated_at": "2024-10-10 22:03:11"
  },
  {
    "id": "91",
    "kode_tema": "3",
    "kode_program": "3.2",
    "kode_keluaran": "3.2.3",
    "kode_aktifitas": "3.2.3.1",
    "kode_target_aktifitas": "3.2.3.1.4",
    "uraian": "Jumlah Musium Budaya Lokal ",
    "satuan": "unit ",
    "volume": null,
    "sumberdana": null,
    "tahun": 2025,
    "created_at": "2024-10-10 22:03:11",
    "updated_at": "2024-10-10 22:03:11"
  },
  {
    "id": "92",
    "kode_tema": "3",
    "kode_program": "3.2",
    "kode_keluaran": "3.2.3",
    "kode_aktifitas": "3.2.3.1",
    "kode_target_aktifitas": "3.2.3.1.5",
    "uraian": "Jumlah Wisata Kuliner Lokal",
    "satuan": "unit ",
    "volume": null,
    "sumberdana": null,
    "tahun": 2025,
    "created_at": "2024-10-10 22:03:11",
    "updated_at": "2024-10-10 22:03:11"
  },
  {
    "id": "93",
    "kode_tema": "3",
    "kode_program": "3.2",
    "kode_keluaran": "3.2.3",
    "kode_aktifitas": "3.2.3.1",
    "kode_target_aktifitas": "3.2.3.1.6",
    "uraian": "Renovasi Taman Nasional Lorentz, Raja Ampat, Danau Sentani, atau Puncak Jaya.",
    "satuan": "unit ",
    "volume": null,
    "sumberdana": null,
    "tahun": 2025,
    "created_at": "2024-10-10 22:03:11",
    "updated_at": "2024-10-10 22:03:11"
  },
  {
    "id": "94",
    "kode_tema": "3",
    "kode_program": "3.3",
    "kode_keluaran": "3.3.1",
    "kode_aktifitas": "3.3.1.1",
    "kode_target_aktifitas": "3.3.1.1.1",
    "uraian": "Jumlah olahan Produk Herbal Tradisional",
    "satuan": "produk ",
    "volume": null,
    "sumberdana": null,
    "tahun": 2025,
    "created_at": "2024-10-10 22:03:11",
    "updated_at": "2024-10-10 22:03:11"
  },
  {
    "id": "95",
    "kode_tema": "3",
    "kode_program": "3.3",
    "kode_keluaran": "3.3.1",
    "kode_aktifitas": "3.3.1.1",
    "kode_target_aktifitas": "3.3.1.1.2",
    "uraian": "Jumlah Produksi Anyaman/Kerajinan Tangan Khas Papua",
    "satuan": "produk ",
    "volume": null,
    "sumberdana": null,
    "tahun": 2025,
    "created_at": "2024-10-10 22:03:11",
    "updated_at": "2024-10-10 22:03:11"
  },
  {
    "id": "96",
    "kode_tema": "3",
    "kode_program": "3.3",
    "kode_keluaran": "3.3.1",
    "kode_aktifitas": "3.3.1.1",
    "kode_target_aktifitas": "3.3.1.1.3",
    "uraian": "Jumlah Produksi Kain Tenun Papua",
    "satuan": "produk ",
    "volume": null,
    "sumberdana": null,
    "tahun": 2025,
    "created_at": "2024-10-10 22:03:11",
    "updated_at": "2024-10-10 22:03:11"
  },
  {
    "id": "97",
    "kode_tema": "3",
    "kode_program": "3.3",
    "kode_keluaran": "3.3.1",
    "kode_aktifitas": "3.3.1.1",
    "kode_target_aktifitas": "3.3.1.1.4",
    "uraian": "Jumlah Produksi Batik Papua",
    "satuan": "produk ",
    "volume": null,
    "sumberdana": null,
    "tahun": 2025,
    "created_at": "2024-10-10 22:03:11",
    "updated_at": "2024-10-10 22:03:11"
  },
  {
    "id": "98",
    "kode_tema": "3",
    "kode_program": "3.4",
    "kode_keluaran": "3.4.1",
    "kode_aktifitas": "3.4.1.1",
    "kode_target_aktifitas": "3.4.1.1.1",
    "uraian": "Jumlah komoditas pertanian",
    "satuan": "komoditas",
    "volume": null,
    "sumberdana": null,
    "tahun": 2025,
    "created_at": "2024-10-10 22:03:11",
    "updated_at": "2024-10-10 22:03:11"
  },
  {
    "id": "99",
    "kode_tema": "3",
    "kode_program": "3.4",
    "kode_keluaran": "3.4.1",
    "kode_aktifitas": "3.4.1.1",
    "kode_target_aktifitas": "3.4.1.1.2",
    "uraian": "Jumlah komoditas perkebunan",
    "satuan": "komoditas",
    "volume": null,
    "sumberdana": null,
    "tahun": 2025,
    "created_at": "2024-10-10 22:03:11",
    "updated_at": "2024-10-10 22:03:11"
  },
  {
    "id": "100",
    "kode_tema": "3",
    "kode_program": "3.4",
    "kode_keluaran": "3.4.1",
    "kode_aktifitas": "3.4.1.1",
    "kode_target_aktifitas": "3.4.1.1.3",
    "uraian": "Jumlah komoditas perikanan",
    "satuan": "komoditas",
    "volume": null,
    "sumberdana": null,
    "tahun": 2025,
    "created_at": "2024-10-10 22:03:11",
    "updated_at": "2024-10-10 22:03:11"
  },
  {
    "id": "101",
    "kode_tema": "3",
    "kode_program": "3.4",
    "kode_keluaran": "3.4.1",
    "kode_aktifitas": "3.4.1.1",
    "kode_target_aktifitas": "3.4.1.1.4",
    "uraian": "Jumlah komoditas pertambangan",
    "satuan": "komoditas",
    "volume": null,
    "sumberdana": null,
    "tahun": 2025,
    "created_at": "2024-10-10 22:03:11",
    "updated_at": "2024-10-10 22:03:11"
  },
  {
    "id": "102",
    "kode_tema": "3",
    "kode_program": "3.4",
    "kode_keluaran": "3.4.1",
    "kode_aktifitas": "3.4.1.1",
    "kode_target_aktifitas": "3.4.1.1.5",
    "uraian": "Jumlah komoditas hasil hutan",
    "satuan": "komoditas",
    "volume": null,
    "sumberdana": null,
    "tahun": 2025,
    "created_at": "2024-10-10 22:03:11",
    "updated_at": "2024-10-10 22:03:11"
  },
  {
    "id": "103",
    "kode_tema": "3",
    "kode_program": "3.4",
    "kode_keluaran": "3.4.2",
    "kode_aktifitas": "3.4.2.1",
    "kode_target_aktifitas": "3.4.2.1.1",
    "uraian": "Jumlah Pusat Layanan Usaha Terpadu (PLUT) ",
    "satuan": "unit usaha",
    "volume": null,
    "sumberdana": null,
    "tahun": 2025,
    "created_at": "2024-10-10 22:03:11",
    "updated_at": "2024-10-10 22:03:11"
  },
  {
    "id": "104",
    "kode_tema": "3",
    "kode_program": "3.4",
    "kode_keluaran": "3.4.2",
    "kode_aktifitas": "3.4.2.1",
    "kode_target_aktifitas": "3.4.2.1.2",
    "uraian": "Jumlah Koperasi Daerah terbina ",
    "satuan": "unit usaha",
    "volume": null,
    "sumberdana": null,
    "tahun": 2025,
    "created_at": "2024-10-10 22:03:11",
    "updated_at": "2024-10-10 22:03:11"
  },
  {
    "id": "105",
    "kode_tema": "3",
    "kode_program": "3.4",
    "kode_keluaran": "3.4.2",
    "kode_aktifitas": "3.4.2.1",
    "kode_target_aktifitas": "3.4.2.1.3",
    "uraian": "Jumlah Badan Usaha Milik Desa (BUMDes) terbina",
    "satuan": "unit usaha",
    "volume": null,
    "sumberdana": null,
    "tahun": 2025,
    "created_at": "2024-10-10 22:03:11",
    "updated_at": "2024-10-10 22:03:11"
  },
  {
    "id": "106",
    "kode_tema": "3",
    "kode_program": "3.4",
    "kode_keluaran": "3.4.2",
    "kode_aktifitas": "3.4.2.1",
    "kode_target_aktifitas": "3.4.2.1.4",
    "uraian": "Jumlah UMKM terbina ",
    "satuan": "unit usaha",
    "volume": null,
    "sumberdana": null,
    "tahun": 2025,
    "created_at": "2024-10-10 22:03:11",
    "updated_at": "2024-10-10 22:03:11"
  },
  {
    "id": "107",
    "kode_tema": "3",
    "kode_program": "3.4",
    "kode_keluaran": "3.4.3",
    "kode_aktifitas": "3.4.3.1",
    "kode_target_aktifitas": "3.4.3.1.1",
    "uraian": "Jumlah Agroindustri terbina",
    "satuan": "sektor industri ",
    "volume": null,
    "sumberdana": null,
    "tahun": 2025,
    "created_at": "2024-10-10 22:03:11",
    "updated_at": "2024-10-10 22:03:11"
  },
  {
    "id": "108",
    "kode_tema": "3",
    "kode_program": "3.4",
    "kode_keluaran": "3.4.3",
    "kode_aktifitas": "3.4.3.1",
    "kode_target_aktifitas": "3.4.3.1.2",
    "uraian": "Jumlah Industri Pengolahan Perkebunan terbina",
    "satuan": "sektor industri ",
    "volume": null,
    "sumberdana": null,
    "tahun": 2025,
    "created_at": "2024-10-10 22:03:11",
    "updated_at": "2024-10-10 22:03:11"
  },
  {
    "id": "109",
    "kode_tema": "3",
    "kode_program": "3.4",
    "kode_keluaran": "3.4.3",
    "kode_aktifitas": "3.4.3.1",
    "kode_target_aktifitas": "3.4.3.1.3",
    "uraian": "Jumlah Industri Pengolahan Produk Laut Lokal terbina",
    "satuan": "sektor industri ",
    "volume": null,
    "sumberdana": null,
    "tahun": 2025,
    "created_at": "2024-10-10 22:03:11",
    "updated_at": "2024-10-10 22:03:11"
  },
  {
    "id": "110",
    "kode_tema": "3",
    "kode_program": "3.4",
    "kode_keluaran": "3.4.3",
    "kode_aktifitas": "3.4.3.1",
    "kode_target_aktifitas": "3.4.3.1.4",
    "uraian": "Jumlah Industri Pengolahan Peternakan terbina",
    "satuan": "sektor industri ",
    "volume": null,
    "sumberdana": null,
    "tahun": 2025,
    "created_at": "2024-10-10 22:03:11",
    "updated_at": "2024-10-10 22:03:11"
  },
  {
    "id": "111",
    "kode_tema": "3",
    "kode_program": "3.4",
    "kode_keluaran": "3.4.3",
    "kode_aktifitas": "3.4.3.1",
    "kode_target_aktifitas": "3.4.3.1.5",
    "uraian": "Jumlah Industri Tekstil dan Tenun terbina",
    "satuan": "sektor industri ",
    "volume": null,
    "sumberdana": null,
    "tahun": 2025,
    "created_at": "2024-10-10 22:03:11",
    "updated_at": "2024-10-10 22:03:11"
  },
  {
    "id": "112",
    "kode_tema": "3",
    "kode_program": "3.4",
    "kode_keluaran": "3.4.3",
    "kode_aktifitas": "3.4.3.1",
    "kode_target_aktifitas": "3.4.3.1.6",
    "uraian": "Jumlah Industri Energi Terbarukan terbina",
    "satuan": "sektor industri ",
    "volume": null,
    "sumberdana": null,
    "tahun": 2025,
    "created_at": "2024-10-10 22:03:11",
    "updated_at": "2024-10-10 22:03:11"
  },
  {
    "id": "113",
    "kode_tema": "3",
    "kode_program": "3.4",
    "kode_keluaran": "3.4.3",
    "kode_aktifitas": "3.4.3.1",
    "kode_target_aktifitas": "3.4.3.1.7",
    "uraian": "Jumlah Industri Pariwisata terbina",
    "satuan": "sektor industri ",
    "volume": null,
    "sumberdana": null,
    "tahun": 2025,
    "created_at": "2024-10-10 22:03:11",
    "updated_at": "2024-10-10 22:03:11"
  },
  {
    "id": "114",
    "kode_tema": "3",
    "kode_program": "3.4",
    "kode_keluaran": "3.4.3",
    "kode_aktifitas": "3.4.3.1",
    "kode_target_aktifitas": "3.4.3.1.8",
    "uraian": "Jumlah Industri Kreatif terbina",
    "satuan": "sektor industri ",
    "volume": null,
    "sumberdana": null,
    "tahun": 2025,
    "created_at": "2024-10-10 22:03:11",
    "updated_at": "2024-10-10 22:03:11"
  },
  {
    "id": "115",
    "kode_tema": "3",
    "kode_program": "3.5",
    "kode_keluaran": "3.5.1",
    "kode_aktifitas": "3.5.1.1",
    "kode_target_aktifitas": "3.5.1.1.1",
    "uraian": "Jumlah gedung kantor pemerintahan",
    "satuan": "unit",
    "volume": null,
    "sumberdana": null,
    "tahun": 2025,
    "created_at": "2024-10-10 22:03:11",
    "updated_at": "2024-10-10 22:03:11"
  },
  {
    "id": "116",
    "kode_tema": "3",
    "kode_program": "3.5",
    "kode_keluaran": "3.5.1",
    "kode_aktifitas": "3.5.1.1",
    "kode_target_aktifitas": "3.5.1.1.2",
    "uraian": "Jumlah PSU pemukiman ",
    "satuan": "unit",
    "volume": null,
    "sumberdana": null,
    "tahun": 2025,
    "created_at": "2024-10-10 22:03:11",
    "updated_at": "2024-10-10 22:03:11"
  },
  {
    "id": "117",
    "kode_tema": "3",
    "kode_program": "3.5",
    "kode_keluaran": "3.5.1",
    "kode_aktifitas": "3.5.1.1",
    "kode_target_aktifitas": "3.5.1.1.3",
    "uraian": "Jumlah TPA/TPST/SPA/TPS 3R/TPS",
    "satuan": "unit",
    "volume": null,
    "sumberdana": null,
    "tahun": 2025,
    "created_at": "2024-10-10 22:03:11",
    "updated_at": "2024-10-10 22:03:11"
  },
  {
    "id": "118",
    "kode_tema": "3",
    "kode_program": "3.5",
    "kode_keluaran": "3.5.1",
    "kode_aktifitas": "3.5.1.1",
    "kode_target_aktifitas": "3.5.1.1.4",
    "uraian": "Jumlah gedung pusat pelayanan publik ",
    "satuan": "unit",
    "volume": null,
    "sumberdana": null,
    "tahun": 2025,
    "created_at": "2024-10-10 22:03:11",
    "updated_at": "2024-10-10 22:03:11"
  },
  {
    "id": "119",
    "kode_tema": "3",
    "kode_program": "3.5",
    "kode_keluaran": "3.5.2",
    "kode_aktifitas": "3.5.2.1",
    "kode_target_aktifitas": "3.5.2.1.1",
    "uraian": "Luas pengadaan tanah kawasan pemerintahan",
    "satuan": "hektar ",
    "volume": null,
    "sumberdana": null,
    "tahun": 2025,
    "created_at": "2024-10-10 22:03:11",
    "updated_at": "2024-10-10 22:03:11"
  },
  {
    "id": "120",
    "kode_tema": "3",
    "kode_program": "3.X",
    "kode_keluaran": "3.X.X",
    "kode_aktifitas": "3.X.X.X",
    "kode_target_aktifitas": "3.X.X.X.X",
    "uraian": "NON-PROGRAM PRIORITAS - PAPUA PRODUKTIF",
    "satuan": "",
    "volume": null,
    "sumberdana": null,
    "tahun": 2025,
    "created_at": "2024-10-10 22:03:11",
    "updated_at": "2024-10-10 22:03:11"
  },
  {
    "id": "121",
    "kode_tema": "4",
    "kode_program": "4.1",
    "kode_keluaran": "4.1.1",
    "kode_aktifitas": "4.1.1.1",
    "kode_target_aktifitas": "4.1.1.1.1",
    "uraian": "Jumlah jalan utama",
    "satuan": "km",
    "volume": "12.50",
    "sumberdana": "DTI",
    "tahun": 2025,
    "created_at": "2024-10-10 22:03:11",
    "updated_at": "2024-10-18 16:13:11"
  },
  {
    "id": "122",
    "kode_tema": "4",
    "kode_program": "4.1",
    "kode_keluaran": "4.1.1",
    "kode_aktifitas": "4.1.1.1",
    "kode_target_aktifitas": "4.1.1.1.2",
    "uraian": "Jumlah jembatan strategis",
    "satuan": "km",
    "volume": "0.05",
    "sumberdana": "DTI",
    "tahun": 2025,
    "created_at": "2024-10-10 22:03:11",
    "updated_at": "2024-10-18 16:14:32"
  },
  {
    "id": "123",
    "kode_tema": "4",
    "kode_program": "4.1",
    "kode_keluaran": "4.1.2",
    "kode_aktifitas": "4.1.2.1",
    "kode_target_aktifitas": "4.1.2.1.1",
    "uraian": "Jumlah Prasarana Trasnsportasi Darat",
    "satuan": "unit",
    "volume": null,
    "sumberdana": null,
    "tahun": 2025,
    "created_at": "2024-10-10 22:03:11",
    "updated_at": "2024-10-10 22:03:11"
  },
  {
    "id": "124",
    "kode_tema": "4",
    "kode_program": "4.1",
    "kode_keluaran": "4.1.2",
    "kode_aktifitas": "4.1.2.1",
    "kode_target_aktifitas": "4.1.2.1.2",
    "uraian": "Jumlah Prasarana Trasnsportasi Laut",
    "satuan": "unit",
    "volume": null,
    "sumberdana": null,
    "tahun": 2025,
    "created_at": "2024-10-10 22:03:11",
    "updated_at": "2024-10-10 22:03:11"
  },
  {
    "id": "125",
    "kode_tema": "4",
    "kode_program": "4.1",
    "kode_keluaran": "4.1.2",
    "kode_aktifitas": "4.1.2.1",
    "kode_target_aktifitas": "4.1.2.1.3",
    "uraian": "Jumlah Prasarana Trasnsportasi Udara",
    "satuan": "unit",
    "volume": null,
    "sumberdana": null,
    "tahun": 2025,
    "created_at": "2024-10-10 22:03:11",
    "updated_at": "2024-10-10 22:03:11"
  },
  {
    "id": "126",
    "kode_tema": "4",
    "kode_program": "4.1",
    "kode_keluaran": "4.1.3",
    "kode_aktifitas": "4.1.3.1",
    "kode_target_aktifitas": "4.1.3.1.1",
    "uraian": "Jumlah Penerangan Jalan Umum (PJU)",
    "satuan": "unit",
    "volume": null,
    "sumberdana": null,
    "tahun": 2025,
    "created_at": "2024-10-10 22:03:11",
    "updated_at": "2024-10-10 22:03:11"
  },
  {
    "id": "127",
    "kode_tema": "4",
    "kode_program": "4.1",
    "kode_keluaran": "4.1.3",
    "kode_aktifitas": "4.1.3.1",
    "kode_target_aktifitas": "4.1.3.1.2",
    "uraian": "Jumlah Gardu Distribusi dan Akses Listrik Rumah Tangga",
    "satuan": "unit",
    "volume": null,
    "sumberdana": null,
    "tahun": 2025,
    "created_at": "2024-10-10 22:03:11",
    "updated_at": "2024-10-10 22:03:11"
  },
  {
    "id": "128",
    "kode_tema": "4",
    "kode_program": "4.1",
    "kode_keluaran": "4.1.3",
    "kode_aktifitas": "4.1.3.1",
    "kode_target_aktifitas": "4.1.3.1.3",
    "uraian": "Jumlah Pembangkit Listrik Tenaga Diesel (PLTD)",
    "satuan": "unit",
    "volume": null,
    "sumberdana": null,
    "tahun": 2025,
    "created_at": "2024-10-10 22:03:11",
    "updated_at": "2024-10-10 22:03:11"
  },
  {
    "id": "129",
    "kode_tema": "4",
    "kode_program": "4.1",
    "kode_keluaran": "4.1.3",
    "kode_aktifitas": "4.1.3.1",
    "kode_target_aktifitas": "4.1.3.1.4",
    "uraian": "Jumlah Pembangkit Listrik Tenaga Surya (PLTS)",
    "satuan": "unit",
    "volume": null,
    "sumberdana": null,
    "tahun": 2025,
    "created_at": "2024-10-10 22:03:11",
    "updated_at": "2024-10-10 22:03:11"
  },
  {
    "id": "130",
    "kode_tema": "4",
    "kode_program": "4.1",
    "kode_keluaran": "4.1.3",
    "kode_aktifitas": "4.1.3.1",
    "kode_target_aktifitas": "4.1.3.1.5",
    "uraian": "Jumlah Pembangkit Listrik Tenaga Angin ",
    "satuan": "unit",
    "volume": null,
    "sumberdana": null,
    "tahun": 2025,
    "created_at": "2024-10-10 22:03:11",
    "updated_at": "2024-10-10 22:03:11"
  },
  {
    "id": "131",
    "kode_tema": "4",
    "kode_program": "4.1",
    "kode_keluaran": "4.1.4",
    "kode_aktifitas": "4.1.4.1",
    "kode_target_aktifitas": "4.1.4.1.1",
    "uraian": "Jumlah sambungan Sarana Penyediaan Air Minum (SPAM)",
    "satuan": "unit ",
    "volume": "7.00",
    "sumberdana": "Otsus 1%",
    "tahun": 2025,
    "created_at": "2024-10-10 22:03:11",
    "updated_at": "2024-10-18 16:03:36"
  },
  {
    "id": "132",
    "kode_tema": "4",
    "kode_program": "4.1",
    "kode_keluaran": "4.1.4",
    "kode_aktifitas": "4.1.4.1",
    "kode_target_aktifitas": "4.1.4.1.2",
    "uraian": "Jumlah Instalasi Pengolahan Air Bersih (IPAB)",
    "satuan": "unit ",
    "volume": null,
    "sumberdana": null,
    "tahun": 2025,
    "created_at": "2024-10-10 22:03:11",
    "updated_at": "2024-10-10 22:03:11"
  },
  {
    "id": "133",
    "kode_tema": "4",
    "kode_program": "4.1",
    "kode_keluaran": "4.1.4",
    "kode_aktifitas": "4.1.4.1",
    "kode_target_aktifitas": "4.1.4.1.3",
    "uraian": "Jumlah Sumur Bor/Resapan",
    "satuan": "unit ",
    "volume": null,
    "sumberdana": null,
    "tahun": 2025,
    "created_at": "2024-10-10 22:03:11",
    "updated_at": "2024-10-10 22:03:11"
  },
  {
    "id": "134",
    "kode_tema": "4",
    "kode_program": "4.1",
    "kode_keluaran": "4.1.5",
    "kode_aktifitas": "4.1.5.1",
    "kode_target_aktifitas": "4.1.5.1.1",
    "uraian": "Jumlah Instalasi Pengolahan Air Limbah (IPAL)",
    "satuan": "unit",
    "volume": null,
    "sumberdana": null,
    "tahun": 2025,
    "created_at": "2024-10-10 22:03:11",
    "updated_at": "2024-10-10 22:03:11"
  },
  {
    "id": "135",
    "kode_tema": "4",
    "kode_program": "4.1",
    "kode_keluaran": "4.1.5",
    "kode_aktifitas": "4.1.5.1",
    "kode_target_aktifitas": "4.1.5.1.2",
    "uraian": "Jumlah Pengadaan Tempat Pembuangan Akhir (TPA) dan Pembakaran Sampah",
    "satuan": "unit",
    "volume": null,
    "sumberdana": null,
    "tahun": 2025,
    "created_at": "2024-10-10 22:03:11",
    "updated_at": "2024-10-10 22:03:11"
  },
  {
    "id": "136",
    "kode_tema": "4",
    "kode_program": "4.1",
    "kode_keluaran": "4.1.5",
    "kode_aktifitas": "4.1.5.1",
    "kode_target_aktifitas": "4.1.5.1.3",
    "uraian": "Jumlah Pembangunan Fasilitas MCK (Mandi, Cuci, Kakus)",
    "satuan": "unit",
    "volume": null,
    "sumberdana": null,
    "tahun": 2025,
    "created_at": "2024-10-10 22:03:11",
    "updated_at": "2024-10-10 22:03:11"
  },
  {
    "id": "137",
    "kode_tema": "4",
    "kode_program": "4.1",
    "kode_keluaran": "4.1.5",
    "kode_aktifitas": "4.1.5.1",
    "kode_target_aktifitas": "4.1.5.1.4",
    "uraian": "Jumlah pengadaan Bank Sampah Inti (BSI)",
    "satuan": "unit",
    "volume": null,
    "sumberdana": null,
    "tahun": 2025,
    "created_at": "2024-10-10 22:03:11",
    "updated_at": "2024-10-10 22:03:11"
  },
  {
    "id": "138",
    "kode_tema": "4",
    "kode_program": "4.1",
    "kode_keluaran": "4.1.5",
    "kode_aktifitas": "4.1.5.1",
    "kode_target_aktifitas": "4.1.5.1.5",
    "uraian": "Jumlah pengadaan Rumah Kompos ",
    "satuan": "unit",
    "volume": null,
    "sumberdana": null,
    "tahun": 2025,
    "created_at": "2024-10-10 22:03:11",
    "updated_at": "2024-10-10 22:03:11"
  },
  {
    "id": "139",
    "kode_tema": "4",
    "kode_program": "4.1",
    "kode_keluaran": "4.1.6",
    "kode_aktifitas": "4.1.6.1",
    "kode_target_aktifitas": "4.1.6.1.1",
    "uraian": "Jumlah Menara Telekomunikasi BTS (Base Transceiver Station) 4G/5G",
    "satuan": "unit",
    "volume": null,
    "sumberdana": null,
    "tahun": 2025,
    "created_at": "2024-10-10 22:03:11",
    "updated_at": "2024-10-10 22:03:11"
  },
  {
    "id": "140",
    "kode_tema": "4",
    "kode_program": "4.1",
    "kode_keluaran": "4.1.6",
    "kode_aktifitas": "4.1.6.1",
    "kode_target_aktifitas": "4.1.6.1.2",
    "uraian": "Jumlah Layanan VoIP (Voice over Internet Protocol)",
    "satuan": "unit",
    "volume": null,
    "sumberdana": null,
    "tahun": 2025,
    "created_at": "2024-10-10 22:03:11",
    "updated_at": "2024-10-10 22:03:11"
  },
  {
    "id": "141",
    "kode_tema": "4",
    "kode_program": "4.1",
    "kode_keluaran": "4.1.7",
    "kode_aktifitas": "4.1.7.1",
    "kode_target_aktifitas": "4.1.7.1.1",
    "uraian": "Jumlah pemukiman Perumahan/ Komplek /Rumah susun/Apartement",
    "satuan": "unit",
    "volume": "20.00",
    "sumberdana": "Otsus 1%",
    "tahun": 2025,
    "created_at": "2024-10-10 22:03:11",
    "updated_at": "2024-10-18 20:49:58"
  },
  {
    "id": "142",
    "kode_tema": "4",
    "kode_program": "4.1",
    "kode_keluaran": "4.1.7",
    "kode_aktifitas": "4.1.7.1",
    "kode_target_aktifitas": "4.1.7.1.2",
    "uraian": "Jumlah pengadaan Pusat kegiatan masyarakat ",
    "satuan": "unit",
    "volume": null,
    "sumberdana": null,
    "tahun": 2025,
    "created_at": "2024-10-10 22:03:11",
    "updated_at": "2024-10-10 22:03:11"
  },
  {
    "id": "143",
    "kode_tema": "4",
    "kode_program": "4.2",
    "kode_keluaran": "4.2.1",
    "kode_aktifitas": "4.2.1.1",
    "kode_target_aktifitas": "4.2.1.1.1",
    "uraian": "Jumlah Sistem Informasi Penanggulangan Kebencanaan",
    "satuan": "sistem ",
    "volume": null,
    "sumberdana": null,
    "tahun": 2025,
    "created_at": "2024-10-10 22:03:11",
    "updated_at": "2024-10-10 22:03:11"
  },
  {
    "id": "144",
    "kode_tema": "4",
    "kode_program": "4.2",
    "kode_keluaran": "4.2.1",
    "kode_aktifitas": "4.2.1.1",
    "kode_target_aktifitas": "4.2.1.1.2",
    "uraian": "Jumlah Sistem Komunikasi Darurat ",
    "satuan": "sistem ",
    "volume": null,
    "sumberdana": null,
    "tahun": 2025,
    "created_at": "2024-10-10 22:03:11",
    "updated_at": "2024-10-10 22:03:11"
  },
  {
    "id": "145",
    "kode_tema": "4",
    "kode_program": "4.2",
    "kode_keluaran": "4.2.2",
    "kode_aktifitas": "4.2.2.1",
    "kode_target_aktifitas": "4.2.2.1.1",
    "uraian": "Luas kawasan konservasi hutan dan lahan basah",
    "satuan": "hektar ",
    "volume": null,
    "sumberdana": null,
    "tahun": 2025,
    "created_at": "2024-10-10 22:03:11",
    "updated_at": "2024-10-10 22:03:11"
  },
  {
    "id": "146",
    "kode_tema": "4",
    "kode_program": "4.2",
    "kode_keluaran": "4.2.2",
    "kode_aktifitas": "4.2.2.1",
    "kode_target_aktifitas": "4.2.2.1.2",
    "uraian": "Luas Hutan Lindung",
    "satuan": "hektar ",
    "volume": null,
    "sumberdana": null,
    "tahun": 2025,
    "created_at": "2024-10-10 22:03:11",
    "updated_at": "2024-10-10 22:03:11"
  },
  {
    "id": "147",
    "kode_tema": "4",
    "kode_program": "4.2",
    "kode_keluaran": "4.2.2",
    "kode_aktifitas": "4.2.2.1",
    "kode_target_aktifitas": "4.2.2.1.3",
    "uraian": "Luas Taman Nasional Baru",
    "satuan": "hektar ",
    "volume": null,
    "sumberdana": null,
    "tahun": 2025,
    "created_at": "2024-10-10 22:03:11",
    "updated_at": "2024-10-10 22:03:11"
  },
  {
    "id": "148",
    "kode_tema": "4",
    "kode_program": "4.2",
    "kode_keluaran": "4.2.2",
    "kode_aktifitas": "4.2.2.1",
    "kode_target_aktifitas": "4.2.2.1.4",
    "uraian": "Luas Lahan Ekowisata",
    "satuan": "hektar ",
    "volume": null,
    "sumberdana": null,
    "tahun": 2025,
    "created_at": "2024-10-10 22:03:11",
    "updated_at": "2024-10-10 22:03:11"
  },
  {
    "id": "149",
    "kode_tema": "4",
    "kode_program": "4.2",
    "kode_keluaran": "4.2.2",
    "kode_aktifitas": "4.2.2.1",
    "kode_target_aktifitas": "4.2.2.1.5",
    "uraian": "Rehabilitasi Hutan dan Lahan Rusak",
    "satuan": "hektar ",
    "volume": null,
    "sumberdana": null,
    "tahun": 2025,
    "created_at": "2024-10-10 22:03:11",
    "updated_at": "2024-10-10 22:03:11"
  },
  {
    "id": "150",
    "kode_tema": "4",
    "kode_program": "4.2",
    "kode_keluaran": "4.2.2",
    "kode_aktifitas": "4.2.2.1",
    "kode_target_aktifitas": "4.2.2.1.6",
    "uraian": "Penghijauan Kota dan Kawasan Industri",
    "satuan": "hektar ",
    "volume": null,
    "sumberdana": null,
    "tahun": 2025,
    "created_at": "2024-10-10 22:03:11",
    "updated_at": "2024-10-10 22:03:11"
  },
  {
    "id": "151",
    "kode_tema": "4",
    "kode_program": "4.3",
    "kode_keluaran": "4.3.1",
    "kode_aktifitas": "4.3.1.1",
    "kode_target_aktifitas": "4.3.1.1.1",
    "uraian": "Jumlah Penetapan Batas Tanah Adat/Ulayat",
    "satuan": "hektar ",
    "volume": null,
    "sumberdana": null,
    "tahun": 2025,
    "created_at": "2024-10-10 22:03:11",
    "updated_at": "2024-10-10 22:03:11"
  },
  {
    "id": "152",
    "kode_tema": "4",
    "kode_program": "4.3",
    "kode_keluaran": "4.3.1",
    "kode_aktifitas": "4.3.1.1",
    "kode_target_aktifitas": "4.3.1.1.2",
    "uraian": "Jumlah Pendaftaran Hak Ulayat",
    "satuan": "hektar ",
    "volume": null,
    "sumberdana": null,
    "tahun": 2025,
    "created_at": "2024-10-10 22:03:11",
    "updated_at": "2024-10-10 22:03:11"
  },
  {
    "id": "153",
    "kode_tema": "4",
    "kode_program": "4.3",
    "kode_keluaran": "4.3.1",
    "kode_aktifitas": "4.3.1.1",
    "kode_target_aktifitas": "4.3.1.1.3",
    "uraian": "Penghijauan dan Konservasi Tanah Adat/Ulayat",
    "satuan": "hektar ",
    "volume": null,
    "sumberdana": null,
    "tahun": 2025,
    "created_at": "2024-10-10 22:03:11",
    "updated_at": "2024-10-10 22:03:11"
  },
  {
    "id": "154",
    "kode_tema": "4",
    "kode_program": "4.3",
    "kode_keluaran": "4.3.2",
    "kode_aktifitas": "4.3.2.1",
    "kode_target_aktifitas": "4.3.2.1.1",
    "uraian": "Jumlah Pameran Seni dan Budaya Rutin",
    "satuan": "event",
    "volume": null,
    "sumberdana": null,
    "tahun": 2025,
    "created_at": "2024-10-10 22:03:11",
    "updated_at": "2024-10-10 22:03:11"
  },
  {
    "id": "155",
    "kode_tema": "4",
    "kode_program": "4.3",
    "kode_keluaran": "4.3.2",
    "kode_aktifitas": "4.3.2.1",
    "kode_target_aktifitas": "4.3.2.1.2",
    "uraian": "Jumlah Festival Budaya Tradisional",
    "satuan": "event",
    "volume": null,
    "sumberdana": null,
    "tahun": 2025,
    "created_at": "2024-10-10 22:03:11",
    "updated_at": "2024-10-10 22:03:11"
  },
  {
    "id": "156",
    "kode_tema": "4",
    "kode_program": "4.3",
    "kode_keluaran": "4.3.2",
    "kode_aktifitas": "4.3.2.1",
    "kode_target_aktifitas": "4.3.2.1.3",
    "uraian": "Jumlah Festival Literasi dan Sastra Papua ",
    "satuan": "event",
    "volume": null,
    "sumberdana": null,
    "tahun": 2025,
    "created_at": "2024-10-10 22:03:11",
    "updated_at": "2024-10-10 22:03:11"
  },
  {
    "id": "157",
    "kode_tema": "4",
    "kode_program": "4.3",
    "kode_keluaran": "4.3.3",
    "kode_aktifitas": "4.3.3.1",
    "kode_target_aktifitas": "4.3.3.1.1",
    "uraian": "Jumlah peserta program jaminan sosial",
    "satuan": "orang ",
    "volume": "750.00",
    "sumberdana": "Otsus 1%",
    "tahun": 2025,
    "created_at": "2024-10-10 22:03:11",
    "updated_at": "2024-10-21 06:14:50"
  },
  {
    "id": "158",
    "kode_tema": "4",
    "kode_program": "4.4",
    "kode_keluaran": "4.4.1",
    "kode_aktifitas": "4.4.1.1",
    "kode_target_aktifitas": "4.4.1.1.1",
    "uraian": "Penyediaan Sistem Pendataan Identitas OAP",
    "satuan": "sistem ",
    "volume": null,
    "sumberdana": null,
    "tahun": 2025,
    "created_at": "2024-10-10 22:03:11",
    "updated_at": "2024-10-10 22:03:11"
  },
  {
    "id": "159",
    "kode_tema": "4",
    "kode_program": "4.4",
    "kode_keluaran": "4.4.1",
    "kode_aktifitas": "4.4.1.1",
    "kode_target_aktifitas": "4.4.1.1.2",
    "uraian": "Pengintegrasian Data OAP dengan Layanan Publik ",
    "satuan": "sistem ",
    "volume": null,
    "sumberdana": null,
    "tahun": 2025,
    "created_at": "2024-10-10 22:03:11",
    "updated_at": "2024-10-10 22:03:11"
  },
  {
    "id": "160",
    "kode_tema": "4",
    "kode_program": "4.4",
    "kode_keluaran": "4.4.2",
    "kode_aktifitas": "4.4.2.1",
    "kode_target_aktifitas": "4.4.2.1.1",
    "uraian": "Penyediaan Pusat Layanan Terpadu Satu Pintu (PTSP)",
    "satuan": "layanan",
    "volume": null,
    "sumberdana": null,
    "tahun": 2025,
    "created_at": "2024-10-10 22:03:11",
    "updated_at": "2024-10-10 22:03:11"
  },
  {
    "id": "161",
    "kode_tema": "4",
    "kode_program": "4.X",
    "kode_keluaran": "4.X.X",
    "kode_aktifitas": "4.X.X.X",
    "kode_target_aktifitas": "4.X.X.X.X",
    "uraian": "NON-PROGRAM PRIORITAS - KONDISI PERLU",
    "satuan": "",
    "volume": null,
    "sumberdana": "Otsus 1%",
    "tahun": 2025,
    "created_at": "2024-10-10 22:03:11",
    "updated_at": "2024-10-21 21:07:39"
  }
]